name,official_url,primary_category,secondary_category,pricing_model,platform,short_description,open_source,api_available,last_verified
008,https://www.008agent.ai/,Customer support,Sales and CRM,Paid; Free Trial,Web; API,"Conversational agent platform designed to automate customer support and sales processes by handling inquiries, qualifying leads, and scheduling appointments through natural language interactions.",false,true,2026-08-18
0ptikube,https://www.0ptikube.dev/,Automation and agents,Coding and development,Free; Open Source,Web; CLI,"Open-source tool designed to simplify Kubernetes cluster creation, management, and automation for developers and DevOps professionals.",true,false,2026-08-18
101.school,https://101.school/,Education and learning,Research and knowledge,Freemium,Web,"Web-based interactive education platform that enables teachers to create and assign digital exercises and assessments, supporting both in-person and remote learning environments.",false,false,2026-08-18
10x Rules,https://10xrules.ai/,Automation and agents,Coding and development,Paid; Free Trial,Web,"No-code AI platform that enables businesses to automate decision-making and workflows, helping accelerate growth and operational efficiency without coding.",false,false,2026-08-18
10xWinners OKR,https://10xwinners.com/,Research and knowledge,Productivity and workflow,Paid; Free Trial,Web,"Web platform that helps organizations set, track, and manage Objectives and Key Results to improve alignment and performance through agile goal management.",false,false,2026-08-18
123Colorize,https://123colorize.com/,Image generation and editing,,Freemium,Web,"Web tool that automatically adds color to black and white photos, enabling quick and realistic photo restoration online.",false,false,2026-08-18
123kanfang.com,https://123kanfang.com/,Video,,Free,Web,Free Chinese streaming website offering a wide range of TV shows and movies without requiring registration.,false,false,2026-08-18
12min,https://12min.com/,Health and lifestyle,Marketing and advertising,Freemium,Web; iOS; Android,Microlearning platform providing 12-minute text and audio summaries of nonfiction books to help users quickly grasp key concepts.,false,false,2026-08-18
1440 - Time on Purpose,https://1440.ai/,Health and lifestyle,Research and knowledge,Freemium,Web,"AI-driven daily planner that helps users allocate their 1440 minutes each day intentionally to improve productivity, focus, and goal achievement through personalized scheduling.",false,false,2026-08-18
1440.io,https://www.1440.io/,Productivity and workflow,Writing and content,Freemium,Web,"Writing assistant that helps users generate, edit, and improve written content efficiently through advanced AI features.",false,false,2026-08-18
14DaysOfAI,https://www.100school.com/,Education and learning,Research and knowledge,Free,Web,"Free, 14-day online challenge by 100 School that helps beginners learn practical AI skills through daily hands-on tasks and community support.",false,false,2026-08-18
15minuteplan.ai,https://www.15minuteplan.ai/,Automation and agents,Marketing and advertising,Freemium,Web,AI-driven platform that enables entrepreneurs and small businesses to quickly generate professional business plans using guided templates and automated content creation.,false,false,2026-08-18
16x Prompt,https://prompt.16x.engineer/,Developer infrastructure and models,Productivity and workflow,Freemium,Web,"Web tool that automates the generation and optimization of prompts to improve AI language model responses, boosting productivity for developers and content creators.",false,false,2026-08-18
17hats,https://17hats.com/,Sales and CRM,Business and finance,Paid; Free Trial,Web; iOS; Android,"Cloud-based business management software designed for freelancers and small businesses to manage clients, projects, invoicing, and automate workflows.",false,false,2026-08-18
1MB V4,https://1mb.co/,Research and knowledge,Data and analytics,Freemium,Web,Lightweight web performance monitoring tool that provides real-time analytics and actionable recommendations to optimize website speed and user experience.,false,false,2026-08-18
1MillionResume,https://1millionresume.com/,Presentations and documents,Image generation and editing,Freemium,Web,Online tool that helps users create professional resumes and cover letters through customizable templates and an easy-to-use interface.,false,false,2026-08-18
1min.AI,https://1min.ai/,Automation and agents,Marketing and advertising,Freemium,Web,"AI-driven video creation platform that transforms text into short, engaging videos quickly, featuring automatic voiceovers and customizable templates.",false,false,2026-08-18
1Page,https://get1page.com/,Presentations and documents,,Freemium,Web,"Online resume builder that helps users create professional, ATS-optimized resumes quickly using customizable templates and AI content suggestions.",false,false,2026-08-18
1Password,https://1password.com/,Health and lifestyle,Business and finance,Paid; Free Trial,Web; Windows; macOS; Linux; iOS; Android,"Secure password manager that stores and autofills passwords, manages two-factor authentication, and enables safe sharing for individuals and teams.",false,false,2026-08-18
1photoai,https://1photoai.com/,Image generation and editing,,Freemium,Web,"AI-driven web platform that automates photo retouching, background removal, and image upscaling, designed for professionals and content creators seeking fast, high-quality photo enhancements.",false,false,2026-08-18
2 Weeks AI,https://2weeks.ai/,SEO and search,Automation and agents,Freemium,Web,"AI-driven platform that helps marketers and content creators generate marketing copy, blog posts, and SEO-friendly articles efficiently using customizable templates and advanced AI models.",false,false,2026-08-18
202 QUALITY APPS,https://app.quality.de/guest,Business and finance,Coding and development,Paid,Web,"Web-based quality management software that helps organizations digitize quality assurance, audit management, and compliance processes to improve efficiency and maintain standards.",false,false,2026-08-18
2020 Background Screening,https://www.2020screening.com/,Business and finance,Research and knowledge,Paid,Web,"2020 Background Screening provides detailed employment and tenant background checks, drug testing, and compliance tools to help businesses make informed hiring and leasing decisions.",false,false,2026-08-18
20Paths,https://20paths.com/,Writing and content,Chatbots and assistants,Freemium,Web,Writing assistant that generates multiple creative story paths and content suggestions to help writers overcome writer's block and enhance storytelling.,false,false,2026-08-18
2Captcha,https://2captcha.com/,Automation and agents,Coding and development,Paid,Web; API,"Online service that automates solving CAPTCHAs using a combination of human solvers and machine learning, accessible via API for integration into automation workflows.",false,true,2026-08-18
2Houses,https://www.2houses.com/en/,Customer support,Health and lifestyle,Freemium,Web; iOS; Android,"Co-parenting app that helps separated parents manage custody schedules, expenses, and communication in one secure platform.",false,false,2026-08-18
2Slash,https://2slash.ai/,Research and knowledge,Data and analytics,Freemium,Web,"URL shortening tool that provides branded short links, detailed click analytics, and QR code generation to help marketers and businesses optimize their link sharing and track engagement.",false,false,2026-08-18
2V AI,https://2v.ai/,Automation and agents,Marketing and advertising,Paid,Web,"AI-driven platform that automates video creation from text and images, enabling businesses to produce marketing and social media videos quickly without manual editing.",false,false,2026-08-18
30characters,https://30chars.com/,Marketing and advertising,Writing and content,Freemium,Web,"Writing assistant that helps users create concise and effective short-form content such as headlines, taglines, and social media posts, optimized for character limits and marketing needs.",false,false,2026-08-18
31Memorize,https://31memorize.com/,Education and learning,Research and knowledge,Freemium,Web,AI-driven web platform that provides personalized memory training exercises to improve cognitive function and mental agility.,false,false,2026-08-18
3Commas,https://3commas.io/,Automation and agents,Data and analytics,Freemium,Web; API,"Cryptocurrency trading platform that automates trading strategies through bots, offers portfolio management, and integrates social trading and external signals to optimize crypto investments.",false,true,2026-08-18
3D Aim Trainer,https://www.3daimtrainer.com/,Health and lifestyle,Design and creative,Freemium,Web,"Web-based FPS aiming training tool that helps gamers improve accuracy, reaction time, and mouse control through customizable drills and performance tracking.",false,false,2026-08-18
3D Viewer by ModelViewer,https://modelviewer.dev/,Design and creative,Coding and development,Free,Web,"Open-source web component that allows developers to embed interactive 3D models on websites with support for glTF files, built-in controls, and augmented reality features.",true,false,2026-08-18
3DAiLY,https://3daily.ai/,Design and creative,Video,Freemium,Web,"Web-based AI platform that helps users generate and customize 3D models quickly without advanced skills, suitable for designers, game developers, and content creators.",false,false,2026-08-18
3DF Zephyr,https://www.3dflow.net/,Design and creative,Coding and development,Freemium,Windows,"Windows-based photogrammetry software that automatically reconstructs 3D models from photos, supporting drone mapping and detailed 3D mesh creation.",false,false,2026-08-18
3dlogoai,https://www.3dlogoai.com/,Design and creative,,Paid; Free Trial,Web,"Web platform that generates customizable 3D logos for businesses and individuals, enabling quick and professional branding solutions without design experience.",false,false,2026-08-18
3DPrinterOS,https://www.3dprinteros.com/,Automation and agents,Coding and development,Freemium,Web; API,"Cloud platform that enables remote management, workflow automation, and collaboration for 3D printing operations, supporting multiple printers and integration with CAD tools.",false,true,2026-08-18
3Dthis,https://3dthis.com/,Design and creative,Video,Freemium,Web,"Web-based platform that allows users to create, animate, and customize 3D avatars and models from photos or templates without software installation.",false,false,2026-08-18
3M Health Information Systems,https://3m.com/,Health and lifestyle,Data and analytics,Paid,Web; API,"3M Health Information Systems offers healthcare IT solutions focused on clinical documentation improvement, automated medical coding, and health data analytics to improve patient care and revenue cycle management.",false,true,2026-08-18
42Crunch API Security,https://42crunch.com/,Coding and development,,Paid; Free Trial,Web; API,"API security platform that automates vulnerability detection, OpenAPI validation, and continuous monitoring to protect APIs throughout their lifecycle.",false,true,2026-08-18
4K AI Upscaler - Free AI image tool,https://upscale-image.com/,Video,Image generation and editing,Free,Web,"Free web-based tool that uses AI to increase image resolution up to 4K, improving clarity and detail without quality loss.",false,false,2026-08-18
4oImageAPI.io: Affordable and Reliable 4o Image API,https://4oimageapi.io/,Developer infrastructure and models,Coding and development,Freemium,Web; API,"Cloud-based image processing API that provides affordable and reliable image optimization, resizing, cropping, and format conversion services for developers and businesses.",false,true,2026-08-18
5-Out,https://www.5out.io/,Sales and CRM,Automation and agents,Paid; Free Trial,Web,"AI-driven sales assistant that automates cold email outreach, follow-ups, and lead qualification to help sales teams increase efficiency and conversion rates.",false,false,2026-08-18
500px,https://500px.com/,Marketing and advertising,Image generation and editing,Freemium,Web; iOS; Android,"Photography platform that allows photographers to share, showcase, and license their photos globally, offering portfolio tools and community engagement.",false,false,2026-08-18
6 River Systems,https://6river.com/,Customer support,Business and finance,Paid,Web,"6 River Systems offers collaborative mobile robots and cloud software that assist warehouse workers in order fulfillment, improving accuracy and efficiency.",false,false,2026-08-18
60sec.site,https://60sec.site/,Coding and development,Marketing and advertising,Freemium,Web,Web tool that enables users to create and publish minimalist websites or landing pages in about 60 seconds without any coding skills.,false,false,2026-08-18
7 Cups,https://www.7cups.com/,Health and lifestyle,"Audio, music, and voice",Freemium,Web; iOS; Android,Online platform providing free anonymous emotional support via trained volunteer listeners and paid professional therapy sessions to help users manage mental health challenges.,false,false,2026-08-18
750 Words,https://750words.com/,Writing and content,,Paid; Free Trial,Web,"Web-based platform that encourages users to write 750 words daily to build a consistent writing habit, offering a distraction-free interface and progress tracking.",false,false,2026-08-18
7Assets,https://7assets.app/,Research and knowledge,Data and analytics,Freemium,Web,"Cloud-based asset management tool designed to help businesses track, maintain, and audit physical assets efficiently through web and mobile platforms.",false,false,2026-08-18
8i,https://8i.com/,Video,Image generation and editing,Paid,Web,Platform that creates photorealistic 3D holograms and avatars using volumetric video technology for VR and AR experiences.,false,false,2026-08-18
8x8,https://www.8x8.com/,Customer support,Video,Paid; Free Trial,Web; iOS; Android,"Cloud-based unified communications platform providing VoIP phone systems, AI-powered contact center solutions, video conferencing, and team messaging to businesses worldwide.",false,false,2026-08-18
99designs,https://99designs.com/,Design and creative,Marketing and advertising,Freemium,Web,"Online platform that allows businesses to run design contests or hire freelance designers directly to create custom logos, branding, websites, and marketing materials.",false,false,2026-08-18
> godcast,https://usegodcast.com/,"Audio, music, and voice",Writing and content,Paid; Free Trial,Web,"Platform that converts text scripts into natural-sounding podcast episodes, enabling fast and easy audio content creation without recording equipment.",false,false,2026-08-18
@imagetotext.me,https://imagetotext.me/,Image generation and editing,Chatbots and assistants,Free,Web,"Free web-based OCR tool that extracts text from images quickly and without registration, supporting common image formats like JPG and PNG.",false,false,2026-08-18
A.V. Mapping,https://avmapping.co/,Coding and development,"Audio, music, and voice",Freemium,Web,Software platform that enables users to create and manage complex audio-visual projection mapping projects with real-time synchronization and interactive features.,false,false,2026-08-18
A1 Art,https://a1.art/,Image generation and editing,,Freemium,Web,"Web-based AI image generator that creates digital artwork from text prompts, offering free and subscription plans for users.",false,false,2026-08-18
A11YBoost,https://a11yboost.com/,Research and knowledge,Automation and agents,Paid; Free Trial,Web,"Web-based tool that automates accessibility testing by scanning websites for WCAG compliance issues, generating detailed reports, and offering remediation guidance to improve web accessibility.",false,false,2026-08-18
aabo,https://aabo.in/,SEO and search,Health and lifestyle,Freemium,Web,"Writing assistant from India that helps users generate SEO-optimized, original content using AI-powered templates and keyword integration.",false,false,2026-08-18
Aaptiv,https://aaptiv.com/,Health and lifestyle,"Audio, music, and voice",Paid,Web; iOS; Android,"Subscription-based fitness app providing AI-personalized audio workouts and training plans led by certified trainers, designed for flexible, screen-free exercise.",false,false,2026-08-18
aasaan,https://admin.aasaan.app/,Research and knowledge,Data and analytics,Freemium,Web,"No-code admin panel builder that enables users to create customizable backend dashboards for web applications without coding, featuring drag-and-drop design, data integration, and role-based access control.",false,false,2026-08-18
Aave,https://aave.com/,Business and finance,Data and analytics,Free,Web; API,"Decentralized finance protocol that allows users to lend and borrow cryptocurrencies without intermediaries, featuring flash loans and community governance.",false,true,2026-08-18
ABBYY FineReader,https://www.abbyy.com/,Presentations and documents,Writing and content,Paid,Windows; macOS,"Desktop OCR and PDF editing software that converts scanned documents and images into editable and searchable formats, supporting over 190 languages and offering features like document comparison and batch processing.",false,false,2026-08-18
Abide,https://abide.com/,Health and lifestyle,"Audio, music, and voice",Freemium,Web; iOS; Android,"AI-driven Christian meditation app providing personalized guided prayers, Bible readings, and mindfulness meditations to support spiritual growth and mental wellness.",false,false,2026-08-18
Able2Extract,https://www.investintech.com/,Presentations and documents,,Paid; Free Trial,Windows; macOS; Linux,"PDF converter and editor software that enables accurate conversion of PDFs to editable formats, direct PDF editing, batch processing, and secure form filling, available on Windows, Mac, and Linux.",false,false,2026-08-18
About.me,https://about.me/,Marketing and advertising,,Freemium,Web,"Web-based platform that lets individuals create a simple, customizable personal profile page to showcase their biography, social media links, and contact information, serving as a digital business card or portfolio.",false,false,2026-08-18
Abstract,https://www.abstract.com/,Coding and development,,Freemium,Web,"Design collaboration platform that provides version control and workflow management tailored for design teams, integrating with tools like Sketch and Adobe XD.",false,false,2026-08-18
Abun,https://abun.com/,Productivity and workflow,Writing and content,Freemium,Web,"Writing assistant that helps users generate and improve content efficiently across multiple formats including blogs, emails, and social media posts.",false,false,2026-08-18
Academia.edu,https://www.academia.edu/,Research and knowledge,Marketing and advertising,Freemium,Web; iOS; Android,"Academic social networking platform that enables researchers to share papers, discover research, and connect with peers globally.",false,false,2026-08-18
AcademicGPT,https://academicgpt.net/,Research and knowledge,Writing and content,Freemium,Web,"Writing assistant designed to help students and researchers write, edit, and format academic papers efficiently.",false,false,2026-08-18
Acapella Extractor,https://www.acapella-extractor.com/en/,"Audio, music, and voice",,Freemium,Web,"AI-based web tool that isolates vocals and instrumentals from audio tracks, enabling users to create acapellas, instrumentals, and karaoke versions quickly and easily.",false,false,2026-08-18
Accent Guesser,https://accentguesser.ai/,Education and learning,Research and knowledge,Free,Web,Free online AI tool that identifies English accents from voice recordings by analyzing speech patterns and matching them to known regional accents.,false,false,2026-08-18
accent-technologies.com,https://accent-technologies.com/,Sales and CRM,Education and learning,Paid,Web,"Accent Technologies provides AI-driven business automation and analytics solutions tailored to enterprise needs, enabling process automation, data insights, and predictive modeling.",false,false,2026-08-18
Accenture,https://www.accenture.com/de-de,Data and analytics,Chatbots and assistants,Paid,Web; API,"Global professional services company offering consulting, technology, and digital transformation services to help businesses innovate and improve operations.",false,true,2026-08-18
AccessiBe,https://accessibe.com/,Customer support,Automation and agents,Paid,Web; API,"AI-based web accessibility solution that automates compliance with ADA and WCAG standards by scanning, remediating, and continuously monitoring websites to ensure accessibility for users with disabilities.",false,true,2026-08-18
Accha FM,https://acchafm.com/,"Audio, music, and voice",Chatbots and assistants,Freemium,Web,Online platform that enables users to broadcast live radio shows and host podcasts with multilingual support and community features.,false,false,2026-08-18
Accio,https://www.accio.com/,Design and creative,Productivity and workflow,Paid; Free Trial,Web,"Writing assistant that helps users generate, edit, and improve written content efficiently through a web-based platform.",false,false,2026-08-18
Accountable2You,https://accountable2you.com/,Health and lifestyle,,Paid,Web; Windows; macOS; iOS; Android,"Parental control and accountability software that helps families and individuals monitor device usage, receive alerts on risky content, and manage screen time across multiple platforms.",false,false,2026-08-18
AccountingSolverAI,https://accountingsolver.com/,Business and finance,Automation and agents,Freemium,Web; API,"Accounting software that automates bookkeeping, invoice processing, and financial reporting to help businesses reduce manual work and improve accuracy.",false,true,2026-08-18
AccurateScribe.ai,https://accuratescribe.ai/,"Audio, music, and voice",Writing and content,Freemium,Web,"Transcription tool that converts audio and video files into accurate text transcripts quickly, featuring speaker identification and easy editing.",false,false,2026-08-18
AccuWeather API,https://developer.accuweather.com/home,Coding and development,,Freemium,Web; API,"AccuWeather API provides developers with accurate, real-time and forecast weather data globally via RESTful endpoints, supporting JSON and XML formats for easy integration.",false,true,2026-08-18
Ace Interview - AI Interview Assistant,https://aceinterview.co/,Chatbots and assistants,,Freemium,Web,"AI-driven platform that helps job seekers practice mock interviews, receive personalized feedback, and improve their interview skills to increase their chances of landing a job.",false,false,2026-08-18
Ace It,https://aceit.works/,Productivity and workflow,Writing and content,Freemium,Web,Writing assistant that provides real-time grammar and style corrections along with content suggestions to help users create and edit text efficiently.,false,false,2026-08-18
Acedit AI,https://www.acedit.ai/,Automation and agents,Video,Freemium,Web,"Web-based video editing platform that uses artificial intelligence to automatically edit and trim videos, making video production faster and easier for creators and marketers.",false,false,2026-08-18
AceEssay,https://aceessay.ai/en,Research and knowledge,Writing and content,Freemium,Web,"Writing assistant that generates essays and academic papers based on user prompts, offering grammar correction and content rewriting features.",false,false,2026-08-18
Aceify.ai,https://aceify.ai/,Education and learning,Research and knowledge,Freemium,Web,"Study assistant that helps students automate note-taking, generate flashcards, and plan study schedules to improve learning efficiency.",false,false,2026-08-18
Achievable - AI adaptive learning,https://achievable.me/,Education and learning,,Paid; Free Trial,Web,"Adaptive learning platform that personalizes study plans for professional exam preparation and skill development, optimizing learning efficiency through tailored content and progress tracking.",false,false,2026-08-18
Acon Digital DeNoise,https://acondigital.com/,"Audio, music, and voice",,Paid; Free Trial,Windows; macOS,"Professional audio noise reduction tool that removes unwanted background noise from recordings using adaptive algorithms, available as standalone software and plugins for Windows and macOS.",false,false,2026-08-18
Acrolinx,https://www.acrolinx.com/,Marketing and advertising,Writing and content,Paid,Web; API,"AI-driven content governance platform that helps enterprises create consistent, clear, and compliant content by analyzing and guiding writing according to brand and linguistic rules.",false,true,2026-08-18
Acronis Cyber Backup,https://www.acronis.com/en/,Coding and development,Chatbots and assistants,Paid; Free Trial,Web; Windows; macOS; Linux,"Data protection platform offering automated backups, AI-based ransomware protection, and disaster recovery for physical, virtual, and cloud environments.",false,false,2026-08-18
Actility ThingPark,https://www.actility.com/,Data and analytics,Chatbots and assistants,Paid,Web; API,Enterprise-grade IoT platform that enables large-scale deployment and management of LoRaWAN networks for industrial and smart city applications.,false,true,2026-08-18
Actimate,https://www.actimate.io/,Automation and agents,Productivity and workflow,Paid; Free Trial,Web; API,"No-code AI automation platform that enables businesses to automate workflows, integrate multiple applications, and optimize operations efficiently.",false,true,2026-08-18
Action Figure,https://actionfigure.pro/,Automation and agents,Marketing and advertising,Paid; Free Trial,Web,"Writing assistant designed to help users create marketing copy, blog posts, and SEO-optimized content efficiently through an intuitive web platform.",false,false,2026-08-18
Action Network,https://actionnetwork.org/,Marketing and advertising,,Free,Web,"Free digital organizing platform designed for progressive activists and nonprofits to manage petitions, fundraising, email and SMS outreach, and events.",false,false,2026-08-18
Actionize AI,https://actionize.ai/,Sales and CRM,Automation and agents,Paid,Web; API,"Sales automation platform that automates personalized outreach, lead qualification, and customer engagement to help sales teams increase efficiency and close deals faster.",false,true,2026-08-18
Activazon,https://activazon.com/,Sales and CRM,Business and finance,Paid; Free Trial,Web,"Amazon product research tool that helps sellers discover profitable products, analyze competitors, and track sales trends to optimize their Amazon business.",false,false,2026-08-18
ActiveCampaign AI,https://www.activecampaign.com/,Sales and CRM,Automation and agents,Paid; Free Trial,Web; API,"Marketing automation platform that integrates AI-powered email marketing, CRM, and sales automation to help businesses personalize customer experiences and optimize campaigns.",false,true,2026-08-18
activeig.com,https://activeig.com/,Automation and agents,Marketing and advertising,Freemium,Web,"Web-based Instagram growth tool that automates targeted likes, follows, and comments to help users gain real followers and increase engagement organically.",false,false,2026-08-18
Acuity Scheduling,https://acuityscheduling.com/,Productivity and workflow,Marketing and advertising,Paid; Free Trial,Web; iOS; Android,"Online appointment booking software that enables businesses to automate scheduling, send reminders, accept payments, and sync calendars to streamline client bookings.",false,false,2026-08-18
Ad Mocker,https://admocker.com/,Design and creative,Marketing and advertising,Free,Web,Free web-based tool that helps marketers and designers create realistic ad mockups quickly without needing advanced design software.,false,false,2026-08-18
ad:personam Self Serve DSP,https://www.adpersonam.io/,Marketing and advertising,Chatbots and assistants,Paid,Web,Programmatic advertising platform that enables advertisers to independently create and optimize real-time bidding campaigns across multiple ad exchanges with granular audience targeting and performance analytics.,false,false,2026-08-18
Adaapt,https://www.adaapt.ai/,Education and learning,,Paid,Web,"AI-driven adaptive learning platform that personalizes educational content and assessments to individual learner needs, enhancing engagement and outcomes.",false,false,2026-08-18
Adalo,https://www.adalo.com/,Coding and development,,Freemium,Web,"No-code platform that lets you create mobile and web applications visually without programming, supporting native app publishing and database integration.",false,false,2026-08-18
ADAM,https://interval-ai.com/,Productivity and workflow,Writing and content,Paid; Free Trial,Web; API,"Meeting assistant that transcribes meetings, generates summaries, and extracts action items to improve team productivity.",false,true,2026-08-18
Adaptify,https://adaptify.ai/,Automation and agents,Marketing and advertising,Paid,Web,"Marketing platform that enables businesses to create personalized, adaptive campaigns by analyzing customer data and behavior in real time.",false,false,2026-08-18
Adaptiv Me,https://www.adaptiv.me/,Automation and agents,Image generation and editing,Freemium,Web; API,"Chatbot platform that enables businesses to create personalized conversational experiences for customer engagement, lead generation, and support automation.",false,true,2026-08-18
AdAstra,https://1trillionclub.com/?linkId=lp_771356&sourceId=creati-ai-chen&tenantId=1-trillion-club,Automation and agents,Productivity and workflow,Freemium,Web,"Writing assistant designed to help marketers and content creators generate marketing copy, blog posts, emails, and product descriptions quickly and efficiently.",false,false,2026-08-18
Addepar,https://addepar.com/,Business and finance,Data and analytics,Paid,Web; API,"Financial technology platform that aggregates and analyzes complex investment portfolios, providing wealth managers and advisors with customizable reporting and client communication tools.",false,true,2026-08-18
ADDitude ADHD Test,https://additudemag.com/,Health and lifestyle,Business and finance,Free,Web,"Free online screening tool that helps adults and parents assess potential ADHD symptoms through clinically-informed questionnaires, providing immediate feedback and educational resources.",false,false,2026-08-18
AdeptLR,https://www.adeptlr.com/,Education and learning,Writing and content,Paid,Web,AI-driven corporate learning platform that personalizes employee training and manages compliance efficiently.,false,false,2026-08-18
Adext AI,https://adext.com/,Automation and agents,Marketing and advertising,Freemium,Web,AI-driven platform that automates digital ad campaign management by optimizing audience targeting and budget allocation across platforms like Google and Facebook to maximize advertising ROI.,false,false,2026-08-18
ADfixer,https://adfixer.com/,Automation and agents,Marketing and advertising,Paid,Web,AI-driven ad optimization platform that automates bid and budget management across multiple advertising platforms to improve campaign performance and ROI.,false,false,2026-08-18
adfonic.com,https://www.adfonic.com/,Research and knowledge,Data and analytics,Paid,Web; API,"UK-based mobile advertising platform that provides a demand-side platform (DSP) for programmatic buying of mobile ad inventory, helping app developers monetize and advertisers acquire users through real-time bidding and advanced targeting.",false,true,2026-08-18
AdGen AI,https://www.adgenai.com/,Research and knowledge,Automation and agents,Freemium,Web,"Platform that automates the creation, optimization, and management of digital ads across multiple platforms, helping marketers generate effective ads and improve campaign performance.",false,false,2026-08-18
ADHDtest.ai,https://adhdtest.ai/,Health and lifestyle,Research and knowledge,Free,Web,"Online platform offering a validated ADHD screening test for adults and children, providing quick preliminary results and optional detailed reports to help identify potential ADHD symptoms.",false,false,2026-08-18
Adinspiration,https://adinspiration.com/,Automation and agents,Marketing and advertising,Paid; Free Trial,Web,AI-driven advertising tool that helps marketers create creative ad copy and campaign ideas quickly for multiple platforms.,false,false,2026-08-18
AdIntell,https://adintelli.ai/,Data and analytics,Marketing and advertising,Freemium,Web,"AI-driven advertising intelligence platform that helps marketers monitor competitor ads, analyze creatives, and gain actionable insights to improve their own campaigns.",false,false,2026-08-18
Adjust,https://www.adjust.com/,Data and analytics,Marketing and advertising,Paid,Web; API,"Mobile measurement platform that provides marketers with attribution analytics, fraud prevention, audience segmentation, and cost aggregation to optimize app marketing campaigns.",false,true,2026-08-18
Adlas.io,https://adlas.io/,Education and learning,Developer infrastructure and models,Paid; Free Trial,Web,"Web-based platform that provides tools for annotating images, videos, text, and audio to create labeled datasets essential for training AI models.",false,false,2026-08-18
Admentary,https://www.admentary.com/,Automation and agents,Marketing and advertising,Freemium,Web,"AI-driven tool that generates persuasive ad copy for social media and digital marketing campaigns, helping marketers create effective ads quickly.",false,false,2026-08-18
Adminer,https://adminer.pro/,Data and analytics,Coding and development,Free,Web,"Lightweight, single PHP file database management tool supporting multiple SQL databases, designed for easy deployment and efficient database administration.",false,false,2026-08-18
AdMob,https://admob.google.com/home/,Data and analytics,Marketing and advertising,Free,Web; iOS; Android,"Google AdMob is a free mobile advertising platform by Google that enables app developers to monetize their Android and iOS apps by displaying various ad formats, managing multiple ad networks through mediation, and analyzing ad performance.",false,false,2026-08-18
AdNabu 2.0,https://www.adnabu.com/,Automation and agents,Marketing and advertising,Freemium,Web,"Google Ads automation tool that helps advertisers optimize PPC campaigns by automating bid adjustments, budget allocation, and ad copy testing to improve ROI and reduce manual management.",false,false,2026-08-18
Adobe,https://www.adobe.com/,Image generation and editing,,Freemium,Web; Windows; macOS; iOS; Android; API,"Adobe offers AI tools including Firefly (image generation), Generative Fill in Photoshop, Generative Recolor in Illustrator, and AI editing in Premiere Pro. All outputs are commercially safe and trained on licensed content.",false,true,2026-08-18
Adobe Firefly,https://firefly.adobe.com/,Image generation and editing,,Freemium,Web,"Art generator by Adobe that creates images from text prompts, integrated with Creative Cloud for professional design workflows.",false,false,2026-08-18
Adobe Podcast,https://podcast.adobe.com/,"Audio, music, and voice",Writing and content,Free,Web,"Free web-based AI audio editing tool by Adobe that enhances podcast audio quality with noise reduction, voice enhancement, and automatic transcription.",false,false,2026-08-18
Adola: Voice & Phone Number for your AI,https://adola.ai/,Research and knowledge,Automation and agents,Paid; Free Trial,Web; API,Communication platform providing virtual phone numbers and realistic AI voice calls to automate business phone interactions such as customer support and marketing.,false,true,2026-08-18
AdPlugg,https://www.adplugg.com/,Marketing and advertising,,Freemium,Web; API,"Cloud-based platform that enables users to create, schedule, and manage advertisements across digital signage and online channels with features like multi-location management and campaign analytics.",false,true,2026-08-18
Adpollo,https://adpollo.io/,Automation and agents,Marketing and advertising,Paid; Free Trial,Web,"AI-driven platform that helps marketers create, manage, and optimize Facebook and Instagram ads by generating ad creatives and providing performance analytics.",false,false,2026-08-18
AdRoll,https://www.adroll.com/,Data and analytics,Marketing and advertising,Freemium,Web; API,Digital marketing platform specializing in AI-driven retargeting and cross-channel advertising to help e-commerce and other businesses increase conversions and revenue.,false,true,2026-08-18
ADS4GPTs,https://www.ads4gpts.com/,Automation and agents,Marketing and advertising,Paid; Free Trial,Web,"AI-driven platform that generates persuasive ad copy for multiple advertising platforms, helping marketers create effective campaigns faster.",false,false,2026-08-18
AdScan.ai,https://adscan.ai/,Data and analytics,Marketing and advertising,Freemium,Web,Platform that provides marketers with competitive ad intelligence by aggregating and analyzing digital ads across platforms to optimize campaigns.,false,false,2026-08-18
AdsGency AI MVP,https://adsgency.ai/,Automation and agents,Marketing and advertising,Freemium,Web,AI-driven platform that helps marketers generate and manage ad campaigns by creating tailored ad copy and automating campaign setup across major platforms.,false,false,2026-08-18
AdSpy,https://www.adspy.com/,Data and analytics,Marketing and advertising,Paid,Web,"Ad intelligence platform that helps marketers analyze competitor ads, monitor campaigns in real-time, and gain insights to optimize their own advertising strategies.",false,false,2026-08-18
AdsRapido,https://adsrapido.com/,Automation and agents,Marketing and advertising,Paid; Free Trial,Web,"Web-based tool that automates Facebook ad campaign creation, management, and optimization to save time and improve advertising results.",false,false,2026-08-18
Adstra,https://adstra.ai/,Marketing and advertising,,Freemium,Web,"AI-driven platform that automates the creation, management, and optimization of digital advertising campaigns across multiple platforms to improve efficiency and ROI.",false,false,2026-08-18
Adstronaut,https://www.adstronaut.net/,Design and creative,Marketing and advertising,Freemium,Web,Ad spy tool that helps marketers research and analyze competitor ads on Facebook and Instagram to improve their own campaigns.,false,false,2026-08-18
Adswizz,https://www.adswizz.com/,Data and analytics,Marketing and advertising,Paid,Web; API,"Programmatic digital audio advertising platform that enables advertisers and publishers to buy, sell, and manage audio ads across streaming music, podcasts, and internet radio with dynamic ad insertion and audience targeting.",false,true,2026-08-18
AdSync: AI Digital Marketing Solutions,https://adsyncmarketing.com/,Automation and agents,Data and analytics,Paid,Web,"AI-driven digital marketing platform that automates campaign management, optimizes ad spend, and provides real-time analytics to improve advertising performance.",false,false,2026-08-18
Adthena,https://www.adthena.com/,Research and knowledge,Data and analytics,Paid,Web,"AI-driven competitive intelligence platform that analyzes PPC and search advertising data to help marketers optimize campaigns by uncovering competitor strategies, keywords, and ad copy insights.",false,false,2026-08-18
Advacheck,https://advacheck.com/,Data and analytics,Marketing and advertising,Freemium,Web,AI-driven platform that analyzes Facebook and Instagram ads to help marketers optimize campaigns through competitor insights and creative analysis.,false,false,2026-08-18
Advanced SystemCare,https://www.iobit.com/en/index.php?s,Customer support,,Freemium,Windows,"Windows-based PC optimization software by IObit that cleans junk files, optimizes system performance, protects privacy, and removes malware to keep your computer running smoothly.",false,false,2026-08-18
Adviseful,https://adviseful.ai/,Customer support,Data and analytics,Freemium,Web,"Chatbot that provides personalized business advice, automates customer support, and delivers data-driven insights to help businesses make informed decisions.",false,false,2026-08-18
Advomate,https://advomate.cz/,Sales and CRM,Business and finance,Paid,Web,"Czech cloud-based CRM and practice management software tailored for law firms, offering client management, task tracking, document storage, and billing features.",false,false,2026-08-18
Adzooma,https://adzooma.com/,Automation and agents,Data and analytics,Freemium,Web,"Advertising platform that automates and optimizes PPC campaigns across Google Ads, Microsoft Ads, and Facebook Ads, helping marketers improve ROI through AI-driven analytics and automation.",false,false,2026-08-18
Aeon: AI-assisted Video Production,https://project-aeon.com/,Education and learning,Developer infrastructure and models,Freemium,Web,"AI-assisted video production platform that automates editing by analyzing footage to create polished videos quickly, ideal for marketers and content creators.",false,false,2026-08-18
Aesthetic intelligence,https://evoke-ai.com/,Automation and agents,Marketing and advertising,Freemium,Web,AI-driven design tool by Evoke AI that analyzes and improves visual content to help users create aesthetically pleasing designs efficiently.,false,false,2026-08-18
AFAnotes - AI Productivity,https://www.afanotes.com/,Research and knowledge,Productivity and workflow,Freemium,Web,"Productivity tool that streamlines note taking, task management, and collaboration by using artificial intelligence to organize content, generate summaries, and prioritize tasks.",false,false,2026-08-18
Affectiva,https://www.affectiva.com/,Data and analytics,Marketing and advertising,Paid,Web; API,"Emotion AI platform that analyzes facial expressions and emotions using artificial intelligence to provide insights for marketing, automotive safety, and media engagement.",false,true,2026-08-18
Afimilk,https://www.afimilk.com/,Customer support,Health and lifestyle,Paid,Web,"AI-driven dairy farm management system combining IoT sensors and software to monitor cow health, reproduction, and milk production in real-time, helping farmers optimize herd productivity and welfare.",false,false,2026-08-18
afiniti.com,https://www.afiniti.com/,Education and learning,Developer infrastructure and models,Paid,Web; API,AI-driven software that enhances call center performance by pairing customers with agents based on behavioral data to improve outcomes and customer satisfaction.,false,true,2026-08-18
Afroverse,https://afroversemusicgroup.dorik.io/,"Audio, music, and voice",,Free,Web,"Web-based music platform focused on promoting African music artists, providing artist management, music distribution, and fan engagement services.",false,false,2026-08-18
Afterpay,https://www.afterpay.com/global/country-select,Business and finance,Marketing and advertising,Free,Web; iOS; Android,"Buy Now Pay Later service that lets consumers split online purchases into four interest-free payments, improving affordability and cash flow management.",false,false,2026-08-18
AfterShip,https://www.aftership.com/,Customer support,Business and finance,Freemium,Web; API,"Shipment tracking platform that consolidates tracking information from over 900 carriers, automates delivery notifications, and provides branded tracking pages to improve e-commerce customer experience.",false,true,2026-08-18
Aftershoot,https://aftershoot.com/,Image generation and editing,,Paid; Free Trial,macOS,"Desktop software that automates photo culling by analyzing sharpness, exposure, and facial expressions to help photographers quickly select the best images.",false,false,2026-08-18
AgapeVerse.app,https://agapeverse.app/,Research and knowledge,Data and analytics,Freemium,Web,"Web-based NFT marketplace that allows users to mint, buy, sell, and manage digital art and collectibles securely on the blockchain.",false,false,2026-08-18
Agendor CRM,https://www.agendor.com.br/,Sales and CRM,Marketing and advertising,Freemium,Web,"Cloud-based platform that helps sales teams manage their sales pipeline, customer relationships, and team collaboration with customizable features and mobile access.",false,false,2026-08-18
Agent Crop,https://agentcrop.com/,Sales and CRM,Business and finance,Paid; Free Trial,Web,AI-driven marketing platform designed for real estate professionals to generate and nurture leads through automated social media ads and follow-up sequences integrated with CRM systems.,false,false,2026-08-18
AgentGPT,https://agentgpt.reworkd.ai/,Automation and agents,"Audio, music, and voice",Free,Web,"Open-source autonomous AI platform that uses GPT-4 to create and manage AI agents which perform complex tasks independently by planning, executing, and iterating without human intervention.",true,false,2026-08-18
agentmaxx,https://www.agentmaxx.ai/,Sales and CRM,Business and finance,Freemium,Web,"AI-driven assistant designed for real estate professionals to automate lead generation, CRM automation, and client engagement through AI chatbots and scheduling tools.",false,false,2026-08-18
AgentQL,https://www.agentql.com/,Research and knowledge,Data and analytics,Paid; Free Trial,Web; API,"Platform that converts natural language questions into SQL queries, enabling users to interact with databases without coding.",false,true,2026-08-18
Agiloft,https://www.agiloft.com/,Customer support,Presentations and documents,Paid,Web; API,"AI-driven contract management and business process automation platform that helps enterprises automate workflows, manage contracts, and ensure compliance using a customizable no-code environment.",false,true,2026-08-18
Agilotext,https://www.agilotext.com/,Automation and agents,Productivity and workflow,Paid; Free Trial,Web,"Writing assistant that helps users generate, edit, and optimize English content quickly with customizable styles and grammar correction.",false,false,2026-08-18
AGM: AI Game Maker,https://madegamewithai.com/,Coding and development,,Freemium,Web,"Web-based no-code platform that uses artificial intelligence to help users create 2D video games by generating assets, levels, and narratives without programming skills.",false,false,2026-08-18
Agoge-ai,https://www.agoge-ai.com/,Education and learning,Developer infrastructure and models,Paid; Free Trial,Web,"No-code AI platform that automates data science workflows including data preprocessing, model training, evaluation, and deployment, enabling users to build machine learning models without programming skills.",false,false,2026-08-18
Agree.com,https://agree.com/,Business and finance,Presentations and documents,Paid; Free Trial,Web,"Web-based contract management platform that enables users to create, collaborate on, sign, and manage digital agreements with workflow automation and e-signature capabilities.",false,false,2026-08-18
Agreee.ai,https://www.agreee.ai/,Business and finance,Presentations and documents,Freemium,Web,"AI-driven contract review platform that automates legal document analysis, identifies risks, and facilitates collaboration to speed up contract management.",false,false,2026-08-18
AgriWebb,https://www.agriwebb.com/,Data and analytics,Chatbots and assistants,Paid,Web; iOS; Android,"Farm management software that helps farmers track livestock, plan operations, analyze data, and collaborate with teams through mobile and web apps.",false,false,2026-08-18
AHelp,https://ahelp.com/,Customer support,Automation and agents,Paid; Free Trial,Web; API,Customer support platform that automates helpdesk operations using chatbots and intelligent ticket management to improve response times and customer satisfaction.,false,true,2026-08-18
Ai & Stuff,https://aiandstuff.com/,Automation and agents,Image generation and editing,Freemium,Web,"Web platform providing multiple AI-powered tools for generating text and images, automating content tasks, and assisting creative workflows.",false,false,2026-08-18
ai action figure gen...,https://aiactionfiguregenerator.online/,Design and creative,Video,Free,Web,Free web tool that creates custom 3D action figure models from user descriptions using AI technology.,false,false,2026-08-18
AI Agent Store,https://aiagentstore.ai/,Research and knowledge,Automation and agents,Freemium,Web,"No-code platform that allows users to create, customize, and deploy AI-powered agents for automation and customer interaction without programming skills.",false,false,2026-08-18
AI Amazon Product Reviews / Manuals,https://productreviewgpt.com/,Business and finance,Presentations and documents,Freemium,Web,"Web tool that uses AI to generate detailed product reviews and manuals from Amazon product data, helping sellers and buyers quickly understand product features and customer feedback.",false,false,2026-08-18
AI Animate Image,https://www.aianimateimage.org/,Video,Image generation and editing,Free,Web,"Free online tool that uses AI to animate static photos, especially faces, creating realistic motion effects like blinking and smiling without needing software installation.",false,false,2026-08-18
AI Anime Generator,https://ai-anime-generator.com/,Image generation and editing,Chatbots and assistants,Freemium,Web,Web-based tool that creates anime-style character images from text prompts or style selections using artificial intelligence.,false,false,2026-08-18
AI App Icon,https://www.aiappicon.com/,Design and creative,Coding and development,Freemium,Web,"Web-based tool that uses artificial intelligence to generate custom, high-quality app icons quickly and easily for mobile applications.",false,false,2026-08-18
AI Application Assistant,https://www.aiapplicationassistant.com/,Automation and agents,Productivity and workflow,Freemium,Web; API,"AI-driven platform that helps developers by providing real-time code suggestions, automated bug detection, code optimization, and documentation generation to streamline app development.",false,true,2026-08-18
Ai Application Catalogue,https://juanbeltran.ch/,Research and knowledge,Data and analytics,Free,Web,"Free online directory curated by Juan BeltrÃƒÂ¡n that lists and categorizes AI applications across various industries, helping users discover and explore AI tools easily.",false,false,2026-08-18
AI Art Generator by Enhance AI,https://enhanceai.art/,Video,Image generation and editing,Freemium,Web,"Enhance AI's AI Art Generator is a web-based tool that creates unique digital artworks from text prompts using artificial intelligence, suitable for artists and content creators.",false,false,2026-08-18
AI Art Generator | 100% Free,https://aiartfree.online/,Image generation and editing,,Free,Web,Web-based tool that allows users to create unique digital artwork instantly using AI technology without any cost or registration.,false,false,2026-08-18
AI Art Weekly,https://aiartweekly.com/,Marketing and advertising,,Free,Web,"Free weekly newsletter delivering curated news, tools, and creative projects related to AI-generated art.",false,false,2026-08-18
AI audio transcription,https://transcribethis.io/,"Audio, music, and voice",Writing and content,Paid; Free Trial,Web,TranscribeThis is an AI-based audio transcription tool that converts audio files into accurate text transcripts quickly and securely.,false,false,2026-08-18
AI Avatar Generator,https://www.aiavatar.cc/,Design and creative,Image generation and editing,Freemium,Web,"Online tool that uses artificial intelligence to create personalized digital avatars from photos or text prompts, offering multiple styles and high-resolution downloads.",false,false,2026-08-18
AI Avatar Maker,https://www.avatarstyle.net/,Image generation and editing,,Freemium,Web,"Web-based tool that uses AI to generate custom avatars from photos or descriptions, offering multiple styles and easy downloads.",false,false,2026-08-18
AI Badge,https://aibadge.org/,Research and knowledge,Data and analytics,Free,Web,"Free web-based tool that verifies AI-generated content and issues a standardized badge to indicate authenticity, promoting transparency and trust.",false,false,2026-08-18
AI based live captioning system,https://live-captions.com/,"Audio, music, and voice",Writing and content,Freemium,Web,"The AI Based Live Captioning System provides real-time, accurate speech-to-text captions via a web platform, enhancing accessibility for live events and meetings.",false,false,2026-08-18
AI Bible Verse Studies,https://helpfromthebible.com/,Education and learning,Research and knowledge,Free,Web,"Free web tool that uses artificial intelligence to provide detailed explanations and contextual insights for any Bible verse, supporting personal and group scripture study.",false,false,2026-08-18
AI Blog Articles,https://getaiblogarticles.com/,SEO and search,Marketing and advertising,Paid; Free Trial,Web,Web-based AI content generation tool that helps users create SEO-friendly blog posts efficiently by inputting topics or keywords and customizing tone and length.,false,false,2026-08-18
AI Blood Test Analysis,https://blood-test.io/,Health and lifestyle,Data and analytics,Freemium,Web,"Online AI-powered platform that interprets blood test results, providing detailed explanations, health risk assessments, and personalized recommendations to help users understand their medical data.",false,false,2026-08-18
AI Book Summarizer,https://aibooksummarizer.com/,Education and learning,Productivity and workflow,Freemium,Web,"Online platform that uses artificial intelligence to create concise summaries of books, helping users quickly understand main ideas without reading the entire text.",false,false,2026-08-18
AI Bookkeeping,https://bookeeping.ai/en,Business and finance,Automation and agents,Paid; Free Trial,Web,"Web-based software that automates bookkeeping by categorizing transactions, tracking expenses, and generating financial reports using artificial intelligence.",false,false,2026-08-18
AI Buddy,https://ai-buddy.co/,Customer support,Automation and agents,Freemium,Web; API,Chatbot platform that helps businesses automate customer support and lead generation through customizable conversational bots and analytics.,false,true,2026-08-18
AI Builder Buddy,https://aibuilderbuddy.com/,Education and learning,Developer infrastructure and models,Paid; Free Trial,Web,"No-code platform that enables users to create, train, and deploy custom AI models without programming skills, streamlining AI adoption for businesses.",false,false,2026-08-18
AI Career Dreamer,https://careerdreamer.help/,Presentations and documents,Chatbots and assistants,Freemium,Web,"AI-driven career coaching platform that provides personalized advice, resume and cover letter assistance, interview preparation, and job search guidance to help users achieve their career goals.",false,false,2026-08-18
AI Chat Bestie,https://aichatbestie.com/,Customer support,Automation and agents,Freemium,Web,"Chatbot platform that automates customer support, lead generation, and conversational assistance primarily in English via a web interface.",false,false,2026-08-18
AI Chat SMS,https://www.aichatsms.com/,Customer support,Automation and agents,Paid; Free Trial,Web; API,"Platform that provides AI-powered SMS chatbots to automate business messaging, customer support, and marketing campaigns via text messages.",false,true,2026-08-18
AI Chatbot Hub,https://aichatbothub.com/,Customer support,Automation and agents,Freemium,Web,"No-code platform that lets you build, customize, and deploy AI-powered chatbots for websites and messaging platforms, focusing on ease of use and automation.",false,false,2026-08-18
AI ChatDocs,https://aichatdocs.com/,Presentations and documents,Research and knowledge,Freemium,Web,"Chatbot platform that enables users to upload documents and interact with them conversationally to get instant, context-aware answers.",false,false,2026-08-18
AI Chatroom,https://hi.bulita.net/,Customer support,"Audio, music, and voice",Free,Web,Free web-based platform that allows users to chat in real-time with AI-powered chatbots supporting English and Spanish languages without requiring registration.,false,false,2026-08-18
AI Chief Strategy Officer,https://chatthing.ai/,Productivity and workflow,"Audio, music, and voice",Freemium,Web; API,"AI-driven virtual assistant that helps businesses with strategic planning, market analysis, and decision making through conversational AI and data insights.",false,true,2026-08-18
AI Clone Voice Free,https://aiclonevoicefree.com/,"Audio, music, and voice",,Free,Web,Free web-based platform that lets you clone voices using AI and generate natural-sounding speech from text.,false,false,2026-08-18
AI Clothes Remover,https://anieraser.media.io/,Image generation and editing,,Freemium,Web,"Online tool that uses artificial intelligence to automatically remove clothes from photos, helping users anonymize images or create artistic edits.",false,false,2026-08-18
AI Coach Amotions,https://amotionsinc.com/,Video,,Paid,Web,"AI-driven platform that provides personalized emotional intelligence and leadership coaching to individuals and organizations, helping improve emotional awareness, empathy, and interpersonal skills.",false,false,2026-08-18
AI Code Mentor,https://code-mentor.ai/,Productivity and workflow,Coding and development,Freemium,Web,"Web-based AI coding assistant that provides real-time code review, debugging help, code generation, and programming explanations to developers and learners.",false,false,2026-08-18
AI Code Translator,https://ai-code-translator.com/,Coding and development,"Audio, music, and voice",Freemium,Web,"Web-based tool that uses artificial intelligence to automatically translate source code between multiple programming languages, helping developers save time and reduce errors.",false,false,2026-08-18
AI Coder Buddy,https://aicoderbuddy.com/,Productivity and workflow,Coding and development,Freemium,Web; API,"AI-driven tool that assists developers by generating code snippets, debugging code, and providing programming explanations to improve productivity.",false,true,2026-08-18
AI Coffee Club,https://aicoffee.club/,Productivity and workflow,Coding and development,Freemium,Web,"Web-based platform that combines AI writing assistance with collaborative tools to help teams create, brainstorm, and manage content projects efficiently.",false,false,2026-08-18
AI Collective,https://getaicollective.in/,SEO and search,Automation and agents,Freemium,Web,"AI-driven platform that helps marketers and businesses generate high-quality content such as blogs, social media posts, and ad copies quickly and efficiently.",false,false,2026-08-18
AI Coloring Page Generator,https://www.bestcoloringpages.ai/,Research and knowledge,Data and analytics,Freemium,Web,AI Coloring Page Generator creates custom printable coloring sheets using AI based on user input keywords or themes.,false,false,2026-08-18
AI ColoringBook,https://www.coloringbook.ai/,Education and learning,Image generation and editing,Freemium,Web,"Web-based tool that uses AI to generate custom line art coloring pages from user prompts, ideal for educational and creative purposes.",false,false,2026-08-18
AI Comic Generator,https://aicomicgenerator.net/,Research and knowledge,Design and creative,Freemium,Web,"Web tool that uses AI to create comic strips by generating artwork and text bubbles from user input, enabling easy comic creation without drawing skills.",false,false,2026-08-18
AI Consulting for Finance Teams,https://genfinance.ai/,Education and learning,Business and finance,Paid,Web,"GenFinance AI provides specialized AI consulting services designed to help finance teams improve financial analysis, forecasting, risk management, and automation through tailored AI solutions.",false,false,2026-08-18
AI Consulting Tools,https://aiconsultingtools.com/,Education and learning,Presentations and documents,Paid,Web,"AI Consulting Tools provides expert consulting services to help businesses develop AI strategies, automate processes, and plan AI integration for digital transformation.",false,false,2026-08-18
AI Course Creator - AcademyOcean,https://academyocean.com/,Education and learning,Automation and agents,Paid,Web,"AcademyOcean's AI Course Creator is a web platform that uses AI to automate the creation of online courses, helping educators and trainers quickly generate structured content, customize lessons, and manage learner progress.",false,false,2026-08-18
AI Cover,https://aicover.fun/,Design and creative,"Audio, music, and voice",Freemium,Web,"Online tool that uses artificial intelligence to generate custom cover art for music, books, and other creative projects quickly and easily.",false,false,2026-08-18
AI Cover Letter Creator,https://aicoverlettercreator.com/,Presentations and documents,Writing and content,Freemium,Web,"Online tool that uses artificial intelligence to generate customized cover letters based on your job details and skills, helping you apply faster and more effectively.",false,false,2026-08-18
AI CSS Animations,https://www.aicssanimations.com/,Coding and development,Video,Free,Web,Free online tool that helps web designers and developers generate customizable CSS animation code quickly without manual coding.,false,false,2026-08-18
AI Cupid,https://www.aicupid.net/,Health and lifestyle,Writing and content,Freemium,Web,Web tool that helps users generate and optimize dating profiles and messages to improve online dating success.,false,false,2026-08-18
AI Data Collection Company,https://gts.ai/,Education and learning,Developer infrastructure and models,Paid,Web,"AI Data Collection Company by GTS AI provides specialized data annotation and collection services for AI and machine learning projects, supporting multiple data types with expert human annotators and quality assurance.",false,false,2026-08-18
AI Data Sidekick,https://www.airops.com/,Automation and agents,Data and analytics,Freemium,Web,"Web-based AI tool that automates data analysis, cleaning, and workflow processes to help businesses extract insights efficiently.",false,false,2026-08-18
AI Dating Bio Generator,https://aidating.bio/,Health and lifestyle,Writing and content,Freemium,Web,Web tool that creates personalized dating bios using AI to help users craft engaging online profiles quickly.,false,false,2026-08-18
AI Dating Coach,https://www.dating-coach.ai/,Health and lifestyle,Research and knowledge,Freemium,Web,"Platform providing personalized advice to improve online dating profiles, messaging, and confidence for better dating outcomes.",false,false,2026-08-18
AI Describe Picture,https://describepicture.org/,Image generation and editing,Writing and content,Free,Web,"Free web tool that uses AI to generate descriptive captions for images, enhancing accessibility and SEO by providing automatic alt text.",false,false,2026-08-18
AI Design,https://aidesigns.top/,Design and creative,Automation and agents,Freemium,Web,"Web platform that uses artificial intelligence to automate graphic design, enabling users to create logos, posters, and marketing visuals quickly with customizable AI-generated templates.",false,false,2026-08-18
AI Design Training,https://aidesigntraining.com/coming-soon,Education and learning,Writing and content,Paid; Free Trial,Web,Online platform that uses artificial intelligence to provide personalized UX/UI and creative design education through interactive courses and project feedback.,false,false,2026-08-18
AI Detector & Plagiarism Scan,https://textdetector.ai/,Writing and content,Chatbots and assistants,Freemium,Web,Web tool that identifies AI-generated text and checks for plagiarism to ensure content originality.,false,false,2026-08-18
AI Detector Writer,https://aidetectorwriter.com/,Writing and content,,Free,Web,"Free online tool that analyzes text to determine if it was generated by AI, providing a confidence score and detailed report to help users verify content authenticity.",false,false,2026-08-18
AI Diary,https://aidiary.io/,Health and lifestyle,Productivity and workflow,Freemium,Web; iOS; Android,"Personal journaling and mood tracking app that uses AI to assist with writing, analyze emotional patterns, and provide personalized prompts to support mental wellness.",false,false,2026-08-18
AI Digital Learning,https://aidigitallearning.com/,Education and learning,,Paid,Web,"AI-driven platform that personalizes online education by adapting content to individual learner needs, supporting K-12, higher education, and corporate training.",false,false,2026-08-18
AI Disturbance Overlay,https://aidisturbance.online/,Research and knowledge,Data and analytics,Free,Web,"Free web-based tool that applies real-time AI-generated noise and visual disturbance overlays to images and videos, enabling creators to add unique artistic effects without installation.",false,false,2026-08-18
ai drawing generator,https://ai-drawing-generator.com/,Image generation and editing,,Freemium,Web,"Web-based tool that creates digital drawings from text prompts using AI, offering multiple art styles and easy downloads.",false,false,2026-08-18
AI Drum Generator,https://aidrumgenerator.com/,"Audio, music, and voice",,Free,Web,Free web-based tool that uses artificial intelligence to create custom drum patterns quickly and easily without requiring advanced skills.,false,false,2026-08-18
AI Dungeon,https://aidungeon.com/,Health and lifestyle,Writing and content,Freemium,Web; iOS; Android,AI-driven platform that generates interactive text-based stories and roleplaying adventures dynamically based on user input.,false,false,2026-08-18
AI Email Generator,https://aiemailgenerate.com/,Automation and agents,Productivity and workflow,Freemium,Web,Web tool that uses artificial intelligence to help users quickly draft professional emails with customizable tone and templates.,false,false,2026-08-18
AI Engager,https://aiengager.com/,Customer support,Sales and CRM,Paid; Free Trial,Web,"Web-based AI chatbot platform designed to automate customer interactions, generate leads, and integrate with CRM systems to improve business engagement.",false,false,2026-08-18
AI Face Analyzer-Beauty Score Calculator,https://aifaceanalyzer.online/,Research and knowledge,Data and analytics,Free,Web,Free web tool that uses AI to analyze facial features and generate a beauty score based on symmetry and proportions.,false,false,2026-08-18
AI Flirting Helper,https://flirtypickuplines.com/,Health and lifestyle,Writing and content,Free,Web,Free web tool that generates creative pickup lines and romantic messages to assist users in dating and social conversations.,false,false,2026-08-18
AI Gahaku,https://ai-art.tokyo/,Image generation and editing,,Free,Web,Free web-based AI art generator that converts photos into classical portrait paintings using deep learning.,false,false,2026-08-18
Ai Gallery,https://aigallery.app/,Productivity and workflow,Image generation and editing,Freemium,Web,"Web-based platform that enables users to create unique digital artworks using AI-powered text-to-image generation, share them with a community, and download creations.",false,false,2026-08-18
AI Game Master- Dungeon RPG,https://www.aigamemaster.app/,Writing and content,,Freemium,Web,"Web-based AI tool that helps tabletop RPG players and Dungeon Masters generate dynamic storylines, quests, and characters, supporting both solo and group play.",false,false,2026-08-18
AI Garage Sale,https://www.aigaragesale.com/,Business and finance,,Freemium,Web,Online marketplace that helps users buy and sell used items with AI-assisted price suggestions and personalized recommendations.,false,false,2026-08-18
AI Geometric,https://www.aigeometric.com/,Design and creative,Chatbots and assistants,Freemium,Web,"Web-based 3D modeling software that uses AI to help users create complex geometric designs quickly and intuitively, suitable for designers, educators, and creatives.",false,false,2026-08-18
AI Gift Guru,https://aigiftguru.com/,Business and finance,,Freemium,Web,"AI-driven platform that provides personalized gift recommendations based on recipient details and occasion, helping users find thoughtful gifts quickly.",false,false,2026-08-18
AI Grant,https://aigrant.org/,Customer support,Research and knowledge,Free,Web,"Nonprofit platform providing free grant funding specifically for artificial intelligence research and innovation projects, supporting researchers, startups, and organizations.",false,false,2026-08-18
AI graph maker,https://aigraphmaker.net/,Data and analytics,,Free,Web,Free web-based tool that uses AI to help users quickly create and customize various types of graphs and charts from their data without needing advanced skills.,false,false,2026-08-18
AI HD Anime,https://aihdanime.com/,Video,Image generation and editing,Freemium,Web,"Online AI tool that upscales and enhances anime videos by increasing resolution, reducing noise, and sharpening details to produce high-definition outputs.",false,false,2026-08-18
AI Headshot Generators,https://aiheadshotgenerators.com/,Image generation and editing,,Freemium,Web,Web-based platform that uses artificial intelligence to create realistic and customizable professional headshots quickly and easily without the need for traditional photography.,false,false,2026-08-18
AI Headshots,https://ai-headshots.net/,Image generation and editing,,Free,Web,"Web service that generates realistic professional headshot photos using AI from user-uploaded selfies, offering multiple styles and high-resolution downloads.",false,false,2026-08-18
AI headshots and selfies,https://kahma.io/,Image generation and editing,,Freemium,Web,"Kahma AI offers a web-based tool that generates realistic AI headshots and selfies from user photos, ideal for professional profiles and social media.",false,false,2026-08-18
AI Hits,https://aihits.co/,"Audio, music, and voice",Video,Freemium,Web,"AI-driven music generation platform that creates royalty-free, customizable music tracks for content creators, marketers, and developers via a simple web interface.",false,false,2026-08-18
AI HomeDesign,https://aihomedesign.com/,Design and creative,,Freemium,Web,"Web-based interior design tool that uses artificial intelligence to help users create, customize, and visualize home layouts and floor plans with 3D visualization and furniture placement features.",false,false,2026-08-18
AI Homework Helper,https://aihomeworkhelper.co/,Education and learning,Writing and content,Freemium,Web,"Online AI-powered platform that provides students with detailed homework help, step-by-step solutions, essay writing assistance, and test preparation support.",false,false,2026-08-18
"AI Hug Video Generator, Hug Video Studio",https://aihug.app/,Video,Image generation and editing,Freemium,Web,"Web-based tool that creates videos from text using AI avatars and text-to-speech technology, enabling fast and easy video production without filming.",false,false,2026-08-18
AI Icon Generator,https://themebutler.com/,Design and creative,,Freemium,Web,"Web-based tool that uses AI to create custom icons from user keywords, offering quick, scalable icon designs for various projects.",false,false,2026-08-18
AI Image and Video Generators,https://aiimageandvideogenerators.xyz/,Video,Image generation and editing,Freemium,Web,"Web platform that allows users to create images and videos using AI technology by inputting text prompts or other instructions, enabling fast and creative media production.",false,false,2026-08-18
AI image extender,https://aiimageextender.com/,Image generation and editing,,Freemium,Web,"Online tool that uses artificial intelligence to seamlessly extend images by generating new content around the original photo, enabling natural background expansion and image resizing without cropping.",false,false,2026-08-18
AI Image Generator/Search,https://www.ai-img-gen.com/,Image generation and editing,,Freemium,Web,Web platform that allows users to generate images from text prompts and search a database of AI-created images for creative and commercial use.,false,false,2026-08-18
AI Image to Video Online,https://imagetovideoai.io/,Video,Image generation and editing,Freemium,Web,"Web-based tool that converts static images into animated videos using AI technology, offering easy video creation without editing skills.",false,false,2026-08-18
AI Images Editor,https://aiimageeditor.ai/,Video,Image generation and editing,Freemium,Web,"Web-based tool that uses artificial intelligence to enhance photos, remove backgrounds, and upscale images quickly and easily without requiring advanced skills.",false,false,2026-08-18
AI images for hospitality providers,https://colossis.io/blog/sub-015-lpips-cuts-time-to-contract-17-in-2026-mls-data.php,Health and lifestyle,Marketing and advertising,Freemium,Web,Colossis offers an AI-powered image generation platform designed specifically for hospitality providers to create customized marketing visuals easily and affordably.,false,false,2026-08-18
AI Insult Generator,https://aiinsults.com/,Research and knowledge,Data and analytics,Free,Web,Free web-based tool that creates humorous and creative insults instantly for entertainment and creative use.,false,false,2026-08-18
AI Interior Room Planner,https://aiinteriorplanner.com/,Design and creative,,Paid; Free Trial,Web,Web-based tool that uses artificial intelligence to help users design and visualize interior room layouts with optimized furniture placement and 3D visualization.,false,false,2026-08-18
AI is a Joke,https://aiisajoke.com/maintenance,Research and knowledge,Data and analytics,Free,Web,Joke is a free web platform that generates humorous and satirical AI content for entertainment and creative inspiration.,false,false,2026-08-18
AI Keywords To Posts,https://aiktp.com/,SEO and search,Automation and agents,Paid; Free Trial,Web,"Web tool that converts your keywords into full blog posts using AI, helping you automate content creation efficiently.",false,false,2026-08-18
AI Kissing Video Generator Free,https://www.aikissingvideogenerator.org/,Video,Image generation and editing,Free,Web,Web-based tool that creates realistic kissing videos by synthesizing uploaded facial photos using AI technology. It is free and easy to use for entertainment and creative purposes.,false,false,2026-08-18
AI Kungfu Video Generator,https://aikungfu.app/,Marketing and advertising,Video,Paid; Free Trial,Web,"Web-based tool that uses AI to convert text scripts into videos quickly and easily, ideal for marketers and content creators.",false,false,2026-08-18
ai LaMo,https://www.ailamo.com/,Customer support,Automation and agents,Freemium,Web; API,"Chatbot platform that helps businesses automate customer support and engagement with multilingual, customizable chatbots accessible via web and API.",false,true,2026-08-18
AI Landing Page Generator,https://www.ailandingpagegenerator.com/,Marketing and advertising,,Freemium,Web,"Web tool that uses AI to create customizable, mobile-friendly landing pages quickly without coding skills, ideal for marketers and businesses.",false,false,2026-08-18
AI Law,https://www.ai.law/,Business and finance,Presentations and documents,Paid,Web,"UK-based legal technology platform that uses artificial intelligence to automate contract review, risk assessment, and legal document drafting, helping legal teams improve efficiency and accuracy.",false,false,2026-08-18
AI Lawyer,https://ailawyer.pro/,Business and finance,Presentations and documents,Freemium,Web,AI-driven legal tech platform that automates contract drafting and document review to help legal professionals and businesses save time and reduce errors.,false,false,2026-08-18
AI Lawyer Lab,https://ailawyerlab.com/,Business and finance,Presentations and documents,Freemium,Web,"AI-driven platform that helps legal professionals draft, review, and automate legal documents efficiently using customizable templates and natural language processing.",false,false,2026-08-18
AI LingoPlay,https://ailingoplay.com/,Education and learning,,Freemium,Web,"Language learning platform that offers interactive conversation practice, pronunciation feedback, and personalized lessons to help users learn languages effectively.",false,false,2026-08-18
AI LinkedIn Banners,https://www.ailinkedinbanners.com/,Design and creative,Marketing and advertising,Freemium,Web,"Web tool that uses AI to generate and customize LinkedIn banner images, helping users create professional profile headers quickly without design skills.",false,false,2026-08-18
AI Listify,https://www.ailistify.com/,Productivity and workflow,Marketing and advertising,Freemium,Web,"AI-driven tool that generates structured lists for content marketing, SEO, and idea organization, helping users create engaging and readable lists quickly.",false,false,2026-08-18
AI Localizer,https://www.wideanglesoftware.com/,Video,Writing and content,Paid; Free Trial,Web,Tool that automates software and website localization by translating content into multiple languages with quality assurance and collaboration features.,false,false,2026-08-18
AI Logo Generator,https://ailogogenerator.net/,Design and creative,,Freemium,Web,"Online tool that uses artificial intelligence to create custom logos quickly, offering multiple design options and customization features with pay-per-download pricing.",false,false,2026-08-18
AI Love Code,https://ailovecode.com/,Coding and development,Chatbots and assistants,Freemium,Web,"AI-driven platform that assists developers by generating code snippets, reviewing existing code, and providing debugging suggestions to enhance productivity.",false,false,2026-08-18
AI Lyrics Generator,https://lyricsgenerator.com/,"Audio, music, and voice",Writing and content,Freemium,Web,"Web-based tool that uses artificial intelligence to create original song lyrics based on user inputs like themes and moods, helping songwriters generate creative content efficiently.",false,false,2026-08-18
AI Magicx,https://www.aimagicx.com/?gr_pk=dnQL,Education and learning,Developer infrastructure and models,Paid; Free Trial,Web,"AI-driven marketing automation platform that helps businesses automate and optimize advertising campaigns across multiple platforms like Facebook, Google, and TikTok to improve performance and ROI.",false,false,2026-08-18
AI Majic,https://aimajic.com/,Image generation and editing,Writing and content,Freemium,Web,"Web-based AI art generator that creates unique images from text prompts, offering multiple art styles and easy customization for digital artists and creators.",false,false,2026-08-18
AI Manga Translators,https://mangatranslator.io/,Education and learning,Research and knowledge,Freemium,Web,Online tool that uses AI to translate manga images from Japanese to English quickly and efficiently.,false,false,2026-08-18
AI Mastering,https://aimastering.com/,"Audio, music, and voice",,Paid,Web,"Online service that uses artificial intelligence to automatically master audio tracks, providing musicians and podcasters with professional-quality sound quickly and affordably.",false,false,2026-08-18
AI Math,https://ai-math.top/,Education and learning,,Free,Web,Free online AI-powered tool that solves various math problems instantly and provides detailed step-by-step solutions to help students and learners understand math concepts better.,false,false,2026-08-18
AI Meal Planner,https://ai-mealplan.com/,Health and lifestyle,Research and knowledge,Freemium,Web,"Web-based tool that uses artificial intelligence to generate personalized weekly meal plans and grocery lists based on your dietary preferences, restrictions, and nutritional goals.",false,false,2026-08-18
AI Minecraft,https://aiminecraft.ai/,Health and lifestyle,Chatbots and assistants,Freemium,Web,"Assistant and mod tool that enhances Minecraft gameplay by providing building assistance, strategic guidance, and creative content generation within the game.",false,false,2026-08-18
Ai Movie Poster Generator,https://movieaiposter.com/,Design and creative,Video,Freemium,Web,"Web tool that creates custom movie posters using AI based on user input, ideal for filmmakers and marketers.",false,false,2026-08-18
AI Music (Free),https://aimusiclab.co/,"Audio, music, and voice",,Free,Web,"Free web-based tool that generates original music tracks using artificial intelligence, allowing users to customize styles and moods and download royalty-free songs without any cost or account registration.",false,false,2026-08-18
"AI Music API, Free Cheap AI Music",https://udioapi.pro/,Coding and development,"Audio, music, and voice",Freemium,Web; API,AI Music API by UdioAPI provides developers with a free and affordable way to generate royalty-free AI-composed music tracks via an easy-to-use API supporting multiple genres and moods.,false,true,2026-08-18
Ai Musician - AI Music Generator,https://aimusician.ai/,"Audio, music, and voice",,Freemium,Web,"Web platform that generates original, royalty-free music tracks customized by genre, mood, and length for creators without musical expertise.",false,false,2026-08-18
AI News Daily,https://weekdays.ai/,Writing and content,,Freemium,Web,"Web platform that delivers automated, curated daily summaries of the latest artificial intelligence news, helping users stay informed efficiently.",false,false,2026-08-18
AI Office Bot,https://aiofficebot.com/,Automation and agents,Productivity and workflow,Freemium,Web; API,"Virtual assistant designed to automate office tasks such as scheduling, reminders, and communication, helping businesses improve productivity.",false,true,2026-08-18
Ai online course,https://www.aionlinecourse.com/,Education and learning,Developer infrastructure and models,Freemium,Web,"Web-based platform providing structured courses in artificial intelligence, offering video lessons, quizzes, projects, and certification to help learners develop AI skills.",false,false,2026-08-18
AI or Not,https://www.aiornot.com/,Writing and content,,Free,Web,Free online tool that detects whether text is generated by AI or written by a human by analyzing linguistic patterns and providing a confidence score.,false,false,2026-08-18
AI OTAKU LABO,https://ai-otaku-labo.com/,Image generation and editing,,Freemium,Web,"Web-based AI art generator focused on creating anime-style images using text prompts and style customization, suitable for anime fans and creators.",false,false,2026-08-18
AI Parabellum,https://aiparabellum.com/,Presentations and documents,Automation and agents,Freemium,Web,AI-driven content generation tool designed to help users create various types of written content quickly and efficiently using advanced natural language processing.,false,false,2026-08-18
AI PDF bank statement parser,https://aibankparser.com/,Business and finance,Presentations and documents,Paid; Free Trial,Web,"Web-based tool that uses AI and OCR to automatically extract transaction and account data from PDF bank statements, enabling faster financial data processing and integration.",false,false,2026-08-18
AI PDF redaction tool App,https://ai-redact.com/,Presentations and documents,Productivity and workflow,Paid; Free Trial,Web,"Web-based solution that uses AI to identify and permanently remove sensitive data from PDF documents, ensuring privacy and compliance.",false,false,2026-08-18
AI PDF Summarizer by PDF Guru,https://pdfguru.com/,Presentations and documents,Automation and agents,Freemium,Web,"Web-based tool that uses artificial intelligence to create concise summaries of PDF documents, helping users quickly understand key points without reading the entire file.",false,false,2026-08-18
AI Perfect Assistant - GPT for Office365,https://perfectassistant.ai/,Automation and agents,Productivity and workflow,Freemium,Web,"GPT-4 powered AI tool integrated with Microsoft Office365 apps to automate email drafting, document summarization, and streamline office workflows.",false,false,2026-08-18
AI Phone,https://www.aiphone.ai/,Automation and agents,Productivity and workflow,Paid; Free Trial,Web,"AI-driven virtual phone system that automates call answering, voicemail transcription, and call routing to improve business communication efficiency.",false,false,2026-08-18
AI Photo Robot,https://aiphotorobot.com/,Image generation and editing,,Freemium,Web,"Online AI-powered photo editing tool that automates background removal, photo enhancement, and portrait retouching to simplify image editing for users without advanced skills.",false,false,2026-08-18
AI Picasso - AI dance,https://aipicasso.app/,Video,,Freemium,Web,"Web-based tool that uses artificial intelligence to generate unique dance videos and motion art, enabling users to create creative animations without video editing skills.",false,false,2026-08-18
AI Pickup Lines,https://aipickuplines.com/,Health and lifestyle,Marketing and advertising,Free,Web,Free web tool that instantly generates creative and humorous pickup lines to help users start conversations in dating or social settings.,false,false,2026-08-18
AI Pixar Posters,https://aipixarposters.com/,Image generation and editing,,Freemium,Web,Web-based tool that uses AI to create custom movie posters in the Pixar animation style based on user text prompts.,false,false,2026-08-18
AI Portrait Gen,https://aiportraitgen.com/,Image generation and editing,,Freemium,Web,"Web-based tool that uses artificial intelligence to generate unique digital portraits from user inputs, offering multiple styles and easy downloads.",false,false,2026-08-18
AI Poster Maker,https://ai-poster-maker.com/,Design and creative,Marketing and advertising,Freemium,Web,"Online tool that uses AI to help users create custom posters quickly by providing templates, design suggestions, and easy editing features.",false,false,2026-08-18
AI Power,https://aipower.org/,Education and learning,Developer infrastructure and models,Free; Open Source,Web; API,"Open source artificial intelligence platform that enables users to build, train, and deploy machine learning models with automation and API integration.",true,true,2026-08-18
AI Powered Image Upscaler,https://www.aiimageupscale.com/,Video,Image generation and editing,Freemium,Web,"Web-based tool that uses artificial intelligence to enlarge and enhance images, improving resolution and reducing noise without quality loss.",false,false,2026-08-18
AI powered SPM Platform,https://www.forma.ai/,Sales and CRM,Presentations and documents,Paid,Web; API,"Forma.ai is an AI-powered sales performance management platform that automates incentive compensation calculations, provides sales analytics, and streamlines sales plan modeling for enterprises.",false,true,2026-08-18
AI PPT Maker,https://aipptmaker.ai/,Presentations and documents,Automation and agents,Freemium,Web,"Online tool that uses artificial intelligence to automatically generate and design PowerPoint presentations based on your input, helping you create professional slides quickly and easily.",false,false,2026-08-18
AI Prank Call,https://prankcaller.fun/,Research and knowledge,Data and analytics,Free,Web,Free web-based tool that lets you make prank calls using AI-generated voices and voice-changing features without installing software.,false,false,2026-08-18
AI Product Shot,https://www.aiproductshot.com/,Business and finance,Image generation and editing,Paid; Free Trial,Web,"Web-based AI tool that generates customizable, high-quality product images for e-commerce businesses, eliminating the need for traditional photography.",false,false,2026-08-18
AI Profile For Slack,https://orgengage.com/,Business and finance,Automation and agents,Freemium,Web,Slack integration by OrgEngage that automatically generates and updates detailed employee profiles within Slack to improve team collaboration and engagement.,false,false,2026-08-18
AI Profile Picture Maker,https://pfpmaker.com/,Marketing and advertising,Image generation and editing,Freemium,Web,"Web-based tool that uses AI to generate custom profile pictures and avatars from user photos, offering multiple styles and background options for social media and professional use.",false,false,2026-08-18
AI Prompt Studio,https://aipromptstudio.com/,Developer infrastructure and models,Automation and agents,Freemium,Web,"Web platform for creating, managing, and automating AI prompts and workflows, designed to improve AI content generation and prompt engineering efficiency.",false,false,2026-08-18
AI Psychic Reading by Tarotoo,https://tarotoo.com/,Research and knowledge,Data and analytics,Free,Web,"AI Psychic Reading by Tarotoo provides free, instant tarot card readings generated by artificial intelligence to offer personal insights and guidance.",false,false,2026-08-18
AI QR Codes,https://aiqrcodes.app/,Coding and development,Marketing and advertising,Freemium,Web,Web platform that uses artificial intelligence to generate customizable and visually appealing QR codes suitable for marketing and branding.,false,false,2026-08-18
AI Query 2.0,https://aiquery.co/,Data and analytics,Coding and development,Freemium,Web,"AI-driven platform that enables users to query and analyze data using natural language, eliminating the need for SQL and simplifying data exploration.",false,false,2026-08-18
AI Recipe Writer,https://airecipewriter.com/landing,Health and lifestyle,Writing and content,Freemium,Web,Web-based tool that uses artificial intelligence to generate customized recipes based on user inputs like ingredients and dietary preferences.,false,false,2026-08-18
Ai Regex,https://airegex.pro/,Automation and agents,Productivity and workflow,Freemium,Web,"Web-based tool that uses artificial intelligence to generate, test, and explain regular expressions from natural language descriptions, helping users create accurate regex patterns efficiently.",false,false,2026-08-18
AI Reply,https://ai-reply.work/,Customer support,Automation and agents,Paid; Free Trial,Web,"Web-based AI tool that automates email responses by generating context-aware replies, helping professionals save time and manage inboxes efficiently.",false,false,2026-08-18
AI Resume Checker,https://www.resumechecker.ai/,Presentations and documents,,Freemium,Web,"Online tool that uses artificial intelligence to analyze resumes for formatting, keyword optimization, and ATS compatibility to help job seekers improve their chances of getting hired.",false,false,2026-08-18
AI Review Reply Assistant,https://www.mara-solutions.com/,Customer support,Automation and agents,Paid; Free Trial,Web,AI Review Reply Assistant automates personalized responses to customer reviews using AI-powered sentiment analysis and multi-platform integration.,false,false,2026-08-18
AI RoastBot,https://www.airoastbot.com/,Marketing and advertising,Chatbots and assistants,Freemium,Web,"Web tool that generates witty and humorous roasts based on user input, ideal for social media and entertainment.",false,false,2026-08-18
AI Santa Claus,https://santa.ac/,Health and lifestyle,"Audio, music, and voice",Free,Web,Web-based platform that generates personalized video messages featuring a virtual Santa Claus using AI voice and facial animation technology.,false,false,2026-08-18
AI Screenwriter,https://aiscreenwriter.com/,Writing and content,Chatbots and assistants,Paid; Free Trial,Web,"Web platform that uses artificial intelligence to help users create, format, and refine professional screenplays and scripts quickly and efficiently.",false,false,2026-08-18
AI Shots,https://aishots.com/,Image generation and editing,,Freemium,Web,"Web platform that uses AI to generate and edit images from text prompts or existing photos, designed for creatives and marketers.",false,false,2026-08-18
AI Singing,https://aisinging.ai/,"Audio, music, and voice",,Paid; Free Trial,Web,"Web-based platform that uses AI to generate realistic singing voices from user-provided melodies and lyrics, supporting multiple languages and vocal styles for music production and content creation.",false,false,2026-08-18
AI Slide Studio,https://www.aislidestudio.com/,Presentations and documents,Automation and agents,Freemium,Web,"Web-based tool that uses artificial intelligence to automatically generate and design presentation slides from text input, helping users create professional slide decks quickly and easily.",false,false,2026-08-18
AI Social Bio,https://aisocialbio.com/,Marketing and advertising,Writing and content,Freemium,Web,"Web-based AI tool that generates personalized social media bios tailored to various platforms, helping users create engaging profiles quickly.",false,false,2026-08-18
AI Social Post Generator,https://www.flick.social/,Automation and agents,Productivity and workflow,Paid; Free Trial,Web,"Create engaging social media captions, research hashtags, and schedule posts to improve Instagram marketing efforts.",false,false,2026-08-18
AI Social Recommendator,https://ai.socialrecommendator.com/,Automation and agents,Marketing and advertising,Freemium,Web,AI-based tool that provides social media managers with relevant content suggestions and scheduling features to enhance audience engagement.,false,false,2026-08-18
AI Social Replier,https://replier.social/,Customer support,Automation and agents,Paid; Free Trial,Web,"AI-driven platform that automates responses to comments on Facebook and Instagram posts, enabling faster engagement and improved customer interaction.",false,false,2026-08-18
Ai Sofiya,https://aisofiya.com/,Customer support,Automation and agents,Freemium,Web,Chatbot platform that enables businesses to automate customer interactions on websites using a no-code builder and natural language processing.,false,false,2026-08-18
AI Soft Mart,https://www.aisoftmart.com/,Sales and CRM,Coding and development,Freemium,Web,"Online marketplace where users can discover, compare, and purchase AI software solutions tailored for various industries and use cases.",false,false,2026-08-18
AI Song,https://aisong.fun/,Research and knowledge,Data and analytics,Free,Web,"Free online tool that uses artificial intelligence to generate original songs and lyrics based on user input, making music creation accessible to everyone.",false,false,2026-08-18
AI Song Generator,https://aisonggenerator.net/,"Audio, music, and voice",,Free,Web,"Free web tool that creates original songs by generating melodies and lyrics based on user input, requiring no musical experience.",false,false,2026-08-18
AI Song Generator-Make Song,https://www.makesong.com/,"Audio, music, and voice",,Freemium,Web,Online tool that uses artificial intelligence to create original songs by generating melodies and lyrics based on user inputs such as themes or moods.,false,false,2026-08-18
AI Song ING,https://aisong.ing/,"Audio, music, and voice",Writing and content,Freemium,Web,"Web-based AI tool that assists musicians and songwriters by generating original lyrics, melodies, and music arrangements based on user inputs, helping to accelerate the creative process.",false,false,2026-08-18
AI Space of Design,https://aispaceofdesign.com/,Design and creative,Automation and agents,Freemium,Web,"Web-based graphic design tool that uses AI to help users create logos, branding, and marketing materials quickly and easily without advanced design skills.",false,false,2026-08-18
AI Stock Keywords,https://www.aistockkeywords.com/,SEO and search,Research and knowledge,Freemium,Web,AI-driven keyword research tool tailored for stock market and finance content creators to find relevant keywords and optimize SEO strategies.,false,false,2026-08-18
AI Store Manager,https://aistoremanager.com/,Sales and CRM,Business and finance,Freemium,Web,"AI-driven platform that helps e-commerce businesses optimize inventory, forecast sales, automate orders, and adjust pricing dynamically to improve profitability.",false,false,2026-08-18
AI Story Generator free unlimited,https://www.story321.org/,Writing and content,Chatbots and assistants,Free,Web,"Story321's AI Story Generator free unlimited is a web-based tool that allows users to generate unlimited original stories for free by entering prompts, without requiring an account.",false,false,2026-08-18
AI Storyteller,https://www.ai-storyteller.org/,Writing and content,Chatbots and assistants,Free,Web,Free web tool that uses AI to generate original stories from user prompts without requiring registration.,false,false,2026-08-18
AI STUDIOS,https://www.aistudios.com/,Video,Image generation and editing,Freemium,Web,"Web platform that generates videos from text scripts using AI avatars and text-to-speech technology, enabling quick and easy video creation without filming.",false,false,2026-08-18
AI Subtitle Image Generator,https://easyaicaption.com/,Video,Image generation and editing,Freemium,Web,"Web tool that creates subtitle images by generating and overlaying captions on pictures, enhancing content accessibility and engagement.",false,false,2026-08-18
AI Suggests,https://ai-suggests.com/,SEO and search,Marketing and advertising,Freemium,Web,AI-driven platform that provides marketers and content creators with relevant content ideas and SEO keyword suggestions to improve marketing effectiveness.,false,false,2026-08-18
AI Summarizer best,https://summarizer.best/,Productivity and workflow,Writing and content,Free,Web,"Free web-based tool that automatically creates concise summaries from longer English texts, helping users save time by extracting key information quickly.",false,false,2026-08-18
AI Superior GPT,https://aisuperior.com/,Coding and development,Writing and content,Freemium,Web,"Web-based AI chatbot powered by GPT technology that helps users generate content, code, and customer support responses with multi-turn conversational capabilities.",false,false,2026-08-18
AI t-shirt design generator,https://www.pietrastudio.com/,Design and creative,Image generation and editing,Free,Web,"Free web tool that creates custom t-shirt graphics using AI based on user prompts, ideal for quick and easy apparel design.",false,false,2026-08-18
AI Tarot Master,https://tarotnova.ai/,Research and knowledge,Data and analytics,Freemium,Web,Online tool that uses artificial intelligence to generate tarot card readings with detailed interpretations and multiple spread options.,false,false,2026-08-18
AI Tattoo Creator,https://tattooai.net/,Image generation and editing,,Freemium,Web,"Web-based tool that uses artificial intelligence to generate custom tattoo designs based on user input, offering multiple styles and easy downloads.",false,false,2026-08-18
AI Teacha,https://aiteacha.com/,Education and learning,,Paid; Free Trial,Web,"AI-driven educational platform providing personalized tutoring, homework assistance, and adaptive learning tailored to individual student needs.",false,false,2026-08-18
AI Text Detector,https://aitextdetector.online/,Writing and content,,Free,Web,"Free online tool that analyzes text to estimate the likelihood it was generated by artificial intelligence, helping users verify content authenticity quickly and easily.",false,false,2026-08-18
AI Text Generator,https://ai-text-generator.org/,Automation and agents,Writing and content,Free,Web,"Free web tool that uses AI to generate written content based on user prompts, ideal for content creation and marketing copy.",false,false,2026-08-18
AI Text Summarizer,https://textsummarizer.net/,Productivity and workflow,Writing and content,Free,Web,"Free web-based tool that automatically condenses long text into brief summaries, helping users save time and understand content faster.",false,false,2026-08-18
AI Therapy,https://abby.gg/,Health and lifestyle,Chatbots and assistants,Freemium,Web,"Chatbot by Abby AI that provides anonymous, empathetic mental health support and emotional wellbeing assistance through conversational AI.",false,false,2026-08-18
AI TikTok Script Writer,https://claptools.com/,Automation and agents,Marketing and advertising,Paid; Free Trial,Web,"Web-based tool by ClapTools that uses AI to generate creative, engaging scripts tailored for TikTok videos, helping creators save time and improve content quality.",false,false,2026-08-18
AI to Human,https://aitohuman.org/,Research and knowledge,Data and analytics,Free,Web,"Free web platform that promotes ethical collaboration among AI developers, policymakers, and communities to ensure responsible AI innovation.",false,false,2026-08-18
AI Tool Center,https://aitoolcenter.com/,Education and learning,Developer infrastructure and models,Free,Web,"Free online directory that helps users discover, compare, and review AI tools across various categories and industries.",false,false,2026-08-18
AI Tool Hunt,https://aitoolhunt.com/,SEO and search,Coding and development,Free,Web,"Free online platform that aggregates and categorizes thousands of AI software tools, helping users discover, compare, and select AI solutions for marketing, development, SEO, and other applications.",false,false,2026-08-18
AI Tools Bay,https://aitoolsbay.com/,Education and learning,Research and knowledge,Free,Web,"Free online directory that helps users discover, compare, and learn about thousands of AI-powered tools across various categories and industries.",false,false,2026-08-18
AI TranslateDocs,https://aitranslatedocs.com/,Presentations and documents,"Audio, music, and voice",Paid; Free Trial,Web,Web-based AI tool that translates documents across multiple languages while preserving formatting and ensuring data privacy.,false,false,2026-08-18
AI Travel Selfies,https://itraveledthere.io/blog/stanford-2026-ai-detection-dead-search-volume-gates-roi.php,Health and lifestyle,Image generation and editing,Free,Web,Web tool that lets users upload a photo and generate realistic selfies at famous travel destinations using AI image synthesis.,false,false,2026-08-18
AI Twin: Your Digital Self,https://aitwin.us/,Image generation and editing,,Freemium,Web,Web platform that lets you create a personalized AI-powered digital avatar that mimics your personality and appearance for virtual interactions.,false,false,2026-08-18
AI Two,https://aitwo.co/,Automation and agents,Productivity and workflow,Freemium,Web,AI-driven platform that helps users create various types of written content quickly using customizable templates and automation tools.,false,false,2026-08-18
AI UNDETECT,https://aiundetect.com/,Writing and content,,Freemium,Web,"Web-based tool that analyzes text to determine the likelihood it was generated by artificial intelligence, helping users verify content authenticity.",false,false,2026-08-18
AI Video API,https://www.aivideoapi.com/,Automation and agents,Coding and development,Paid; Free Trial,Web; API,Developer-focused platform providing an API to automate video creation and editing using customizable templates and dynamic content insertion.,false,true,2026-08-18
AI Video Cut,https://www.aivideocut.com/,Automation and agents,Marketing and advertising,Paid; Free Trial,Web,"Web-based tool that uses AI to automatically detect scenes and cut videos into shorter clips, streamlining video editing for creators and marketers.",false,false,2026-08-18
AI Video Generator - Veo3,https://www.aivideogenerator.net/,Automation and agents,Marketing and advertising,Paid; Free Trial,Web,"Web-based tool that uses AI to automate video creation from text, images, or clips, offering templates, voiceovers, and social media optimized exports.",false,false,2026-08-18
AI Viggle,https://aiviggle.com/,SEO and search,Automation and agents,Freemium,Web,"AI-driven platform that helps businesses generate marketing content, automate workflows, and optimize SEO to improve content marketing efficiency.",false,false,2026-08-18
AI VisionBoard,https://ai-visionboard.com/,Research and knowledge,Productivity and workflow,Freemium,Web,"Web-based tool that uses AI to generate images and layouts for creating personalized vision boards, helping users visualize and achieve their goals.",false,false,2026-08-18
AI Voice Generator Bot,https://texttospeech.orbitpages.online/,"Audio, music, and voice",Chatbots and assistants,Free,Web,"Free web-based tool that converts text into natural-sounding speech using AI technology, allowing instant playback and audio download without registration.",false,false,2026-08-18
AI VYX,https://aivyx.com/,Marketing and advertising,Video,Paid; Free Trial,Web,AI-driven video creation platform that automates script generation and video assembly to help marketers and content creators produce professional videos quickly and easily.,false,false,2026-08-18
AI Web Page Analyzer (AI WPA),https://www.aiwebpageanalyzer.com/,SEO and search,Data and analytics,Freemium,Web,"Tool that evaluates website SEO, performance, and technical issues to provide actionable recommendations for optimization.",false,false,2026-08-18
AI Website Builder,https://hyddle.com/index.html,Automation and agents,Coding and development,Freemium,Web,"Hyddle's AI Website Builder is a web platform that uses artificial intelligence to automate website creation, enabling users to build responsive, SEO-friendly sites quickly without coding skills.",false,false,2026-08-18
AI Wedding Toast,https://aiweddingtoast.com/,"Audio, music, and voice",Writing and content,Freemium,Web,Web-based tool that generates personalized wedding speeches by using AI to tailor content based on your input about the couple and your relationship.,false,false,2026-08-18
AI Word Solver,https://www.aiwordsolver.com/,Health and lifestyle,Research and knowledge,Free,Web,Free online tool that helps users solve word puzzles like crosswords and anagrams by generating possible word matches based on input letters or patterns.,false,false,2026-08-18
AI Workflow Automation Tools,https://aiworkflow.tools/,Automation and agents,Productivity and workflow,Freemium,Web; API,Platform that enables businesses to automate and optimize workflows using AI-powered integrations and a visual builder.,false,true,2026-08-18
Ai Workout Generator,https://www.aiworkoutgenerator.com/,Health and lifestyle,,Freemium,Web,"AI Workout Generator creates personalized workout plans using AI based on your fitness level, goals, and available equipment, helping you train effectively at home or gym.",false,false,2026-08-18
AI World Today,https://www.aiworldtoday.net/,Research and knowledge,Marketing and advertising,Free,Web,"Free online platform providing daily news, expert analysis, and research updates on artificial intelligence.",false,false,2026-08-18
AI Writer,https://ai-writer.com/,SEO and search,Automation and agents,Paid; Free Trial,Web,AI-based content generation tool that creates SEO-optimized articles and blog posts automatically from user-provided topics or keywords.,false,false,2026-08-18
AI Writer: Essay Email Writing(APP),https://ai-writer.app/,Productivity and workflow,Writing and content,Freemium,Web,Web-based AI writing assistant that helps users generate essays and emails efficiently by providing AI-generated drafts based on user prompts.,false,false,2026-08-18
AI yes-or-no tarot reader,https://yesnotarot.org/,Research and knowledge,Data and analytics,Free,Web,Free online tool that provides instant yes-or-no answers to your questions by simulating tarot card readings using AI.,false,false,2026-08-18
AI YouTube Thumbnails,https://aiyoutubethumbnails.com/,Design and creative,Marketing and advertising,Freemium,Web,"AI-driven web tool that helps YouTube creators generate custom, optimized thumbnails quickly without design skills.",false,false,2026-08-18
AI-assisted Contember Studio,https://www.contember.com/,Research and knowledge,Data and analytics,Freemium,Web,Contember Studio is an AI-assisted headless CMS and backend development platform that simplifies content modeling and automatically generates GraphQL and REST APIs for frontend integration.,false,false,2026-08-18
AI-Flow,https://ai-flow.net/,Automation and agents,Productivity and workflow,Freemium,Web,"No-code platform that allows businesses to automate workflows by integrating multiple AI services and APIs, improving operational efficiency without programming.",false,false,2026-08-18
AI-Novel,https://ai-novel.com/,Writing and content,Chatbots and assistants,Freemium,Web,Web-based AI writing assistant designed to help authors generate novels and stories by providing AI-driven content creation tools and customizable writing styles.,false,false,2026-08-18
AI-Powered Text-to-Video App,https://reemix.co/,Automation and agents,Marketing and advertising,Freemium,Web,"The AI-Powered Text-to-Video App by Reemix converts written text into videos automatically using AI, offering customizable templates, voiceover support, and easy sharing options.",false,false,2026-08-18
AI-Powered Web Exploration - WebQuery,https://www.webquery.net/en,Automation and agents,Data and analytics,Paid; Free Trial,Web,"WebQuery is an AI-powered platform that automates web data extraction through a no-code interface, enabling users to gather, analyze, and export web data efficiently.",false,false,2026-08-18
AI-Prompt Lab,https://ai-promptlab.com/,Developer infrastructure and models,,Freemium,Web,"Web platform that enables users to create, test, and optimize AI prompts across various models with collaboration and version control features.",false,false,2026-08-18
AI-Spy,https://www.ai-spy.xyz/,Research and knowledge,Data and analytics,Freemium,Web,AI-driven platform that helps businesses monitor competitors and analyze market trends through real-time data aggregation and automated reporting.,false,false,2026-08-18
AI-Suite: Azen,https://azen.app/,Automation and agents,Productivity and workflow,Freemium,Web,"Web-based platform offering multiple AI-powered writing and automation tools designed to help users generate content quickly and efficiently for marketing, social media, emails, and more.",false,false,2026-08-18
AI-Text-Humanizer.com,https://ai-text-humanizer.com/,Writing and content,,Freemium,Web,"Online tool that converts AI-generated text into natural, human-like writing by rephrasing sentences to improve readability without changing the original meaning.",false,false,2026-08-18
ai2006,https://ai2006.io/,Education and learning,Developer infrastructure and models,Freemium,Web,"Web-based AI platform that provides advanced data analytics, business process automation, and machine learning model deployment to help organizations optimize operations and gain insights.",false,false,2026-08-18
AI21 Studio,https://www.ai21.com/,Writing and content,Chatbots and assistants,Freemium,Web; API,"Writing platform by AI21 Labs that provides advanced language models for generating, editing, and understanding text, suitable for content creation, coding help, and creative writing.",false,true,2026-08-18
AI2image,https://www.ai2image.com/,Marketing and advertising,Image generation and editing,Freemium,Web,"Web-based AI tool that generates unique images from text prompts, ideal for marketers and creators needing quick, custom visuals.",false,false,2026-08-18
Ai2sql,https://ai2sql.io/,Data and analytics,Coding and development,Freemium,Web,"Web tool that uses AI to convert natural language questions into SQL queries, simplifying database querying for users without SQL expertise.",false,false,2026-08-18
AI4ANKI,https://www.ai4anki.com/,Education and learning,Productivity and workflow,Freemium,Web,"AI-driven tool that generates Anki-compatible flashcards automatically from text or documents, helping learners save time and improve retention.",false,false,2026-08-18
ai4bd.com,https://ai4bd.com/,Automation and agents,Productivity and workflow,Freemium,Web,"Web-based AI tools platform from Bangladesh that provides business automation, content generation, and productivity AI applications with a freemium pricing model.",false,false,2026-08-18
ai4good.org,https://ai4good.org/,Health and lifestyle,Business and finance,Free,Web,Nonprofit platform dedicated to promoting ethical artificial intelligence and facilitating AI projects that address social challenges through community collaboration and educational resources.,false,false,2026-08-18
ai4spaces,https://ai4spaces.com/,Research and knowledge,Design and creative,Freemium,Web,Web-based AI interior design tool that generates optimized room layouts and 3D visualizations to assist users in space planning and interior design.,false,false,2026-08-18
AIArion,https://aiarion.com/,SEO and search,Writing and content,Paid; Free Trial,Web,"Writing assistant that generates SEO-friendly content, including blog posts and marketing copy, to help users create high-quality text efficiently.",false,false,2026-08-18
AiBucket,https://aibucket.io/,Presentations and documents,Marketing and advertising,Freemium,Web,"Content generation platform that helps users create marketing copy, creative writing, and SEO-friendly content quickly using customizable templates and AI-powered text generation.",false,false,2026-08-18
AICamp,https://aicamp.so/,Education and learning,Developer infrastructure and models,Freemium,Web,"Education platform offering project-based learning to teach AI, machine learning, and data science through hands-on projects and community mentorship.",false,false,2026-08-18
aiCarousels.com,https://www.aicarousels.com/,Automation and agents,Marketing and advertising,Paid; Free Trial,Web,"Web-based AI tool that generates customizable carousel posts for social media platforms, helping marketers and creators produce engaging multi-slide content efficiently.",false,false,2026-08-18
AIChatting,https://www.aichatting.net/,Customer support,Automation and agents,Freemium,Web,"Web-based AI chatbot platform that helps businesses automate customer interactions, support, and lead generation with customizable workflows and analytics.",false,false,2026-08-18
AICheatCheck,https://aicheatcheck.com/,Education and learning,Research and knowledge,Freemium,Web,"Tool that detects whether text is AI-generated or plagiarized, helping maintain content authenticity and academic integrity.",false,false,2026-08-18
AICodeConvert,https://aicodeconvert.com/,Coding and development,,Freemium,Web,"AI-driven web tool that converts source code from one programming language to another, supporting multiple languages and providing real-time, accurate translations to assist developers and programmers.",false,false,2026-08-18
AiCogni,https://aicogni.com/,SEO and search,Marketing and advertising,Paid; Free Trial,Web,"Writing assistant designed to generate SEO-friendly content, marketing copy, and blog posts efficiently for content creators and marketers.",false,false,2026-08-18
AICommit - Your Best Commit Generator,https://aicommit.app/,Productivity and workflow,Coding and development,Freemium,Web; CLI; VS Code,"Tool that automatically generates clear and consistent git commit messages by analyzing your code changes, available as a VS Code extension and CLI tool.",false,false,2026-08-18
AiCure,https://aicure.com/,Customer support,Health and lifestyle,Paid,Web,"Platform that remotely monitors patient medication adherence using video confirmation, primarily for clinical trials and healthcare providers.",false,false,2026-08-18
Aidbase,https://www.aidbase.ai/,Education and learning,Developer infrastructure and models,Freemium,Web,"No-code AI platform that enables users to create, train, and deploy custom AI models without programming skills, offering data annotation, automated training, and flexible deployment.",false,false,2026-08-18
Aiden Solutions,https://aiden.solutions/,Education and learning,Developer infrastructure and models,Paid,Web; API,Platform that automates business processes and provides predictive analytics to enhance operational efficiency and decision-making.,false,true,2026-08-18
Aidoc,https://www.aidoc.com/,Health and lifestyle,Coding and development,Paid,Web; API,"AI-driven medical imaging software that helps radiologists detect abnormalities in CT and MRI scans, prioritize urgent cases, and improve diagnostic workflows.",false,true,2026-08-18
aidocmaker.com,https://www.aidocmaker.com/,Automation and agents,Productivity and workflow,Paid; Free Trial,Web,Web-based AI tool that automates the creation of business documents using customizable templates and exports them as PDFs.,false,false,2026-08-18
AIflixhub,https://aiflixhub.com/,Automation and agents,Marketing and advertising,Paid; Free Trial,Web,"Platform that converts text scripts into professional videos with AI voiceovers and customizable templates, ideal for marketers and content creators.",false,false,2026-08-18
AIFreeBox: Free AI Tools,https://aifreebox.com/,Research and knowledge,Data and analytics,Free,Web,"Free online platform that curates and provides access to a wide variety of no-cost AI tools across multiple categories, enabling users to discover and use AI utilities without payment or registration.",false,false,2026-08-18
aigclist,https://aigclist.com/,Education and learning,Developer infrastructure and models,Free,Web,"Free online directory that aggregates and categorizes AI tools, providing detailed information, user reviews, and AI industry news to help users discover and compare AI solutions.",false,false,2026-08-18
Aigency Labs,https://aigencylabs.com/,Education and learning,Research and knowledge,Paid,Web,"Platform specializing in custom AI model development and deployment, providing tailored AI solutions and consulting services for enterprises.",false,false,2026-08-18
AiGenda,https://aigenda.tech/en,Productivity and workflow,Chatbots and assistants,Freemium,Web; Browser Extension,"Meeting assistant that automates scheduling, generates meeting notes, and tracks action items by integrating with your calendar and using AI-powered transcription and summarization.",false,false,2026-08-18
AIGIFY,https://www.aigify.com/,SEO and search,Automation and agents,Freemium,Web,Content generation platform that helps marketers and SEO professionals create optimized marketing copy and blog posts quickly using AI-powered templates and tools.,false,false,2026-08-18
Aiglot,https://aiglot.com/,SEO and search,Marketing and advertising,Freemium,Web,"Writing assistant that generates SEO-friendly content, blog posts, and marketing copy with customizable tone and style.",false,false,2026-08-18
AIGraphics,https://aigraphics.io/,Design and creative,Image generation and editing,Freemium,Web,"Web platform that generates custom images from text prompts, offering customizable styles and high-resolution downloads for creative projects.",false,false,2026-08-18
AIHumanize.com,https://aihumanize.com/,Writing and content,,Freemium,Web,Online tool that detects AI-generated text and checks for plagiarism to help users verify content authenticity.,false,false,2026-08-18
Aii.CX,https://aii.cx/,Customer support,Automation and agents,Paid; Free Trial,Web; API,Customer experience platform that automates support with intelligent chatbots and provides analytics to improve customer engagement.,false,true,2026-08-18
aiinteriordesign.io,https://aiinteriordesign.io/,Design and creative,,Freemium,Web,"Web-based AI tool that helps users generate interior design layouts, style recommendations, and virtual staging for residential and commercial spaces without prior design experience.",false,false,2026-08-18
AIJobs.com,https://www.aijobs.com/,Business and finance,Marketing and advertising,Free,Web,"Free online platform that aggregates AI and tech job listings, helping job seekers find relevant AI career opportunities and employers to post AI-related job openings.",false,false,2026-08-18
Aikiu Studio,https://aikiustudio.com/,Design and creative,Image generation and editing,Freemium,Web,Web-based AI art generation platform that transforms text prompts into unique digital artwork with customizable styles and high-resolution downloads.,false,false,2026-08-18
aimages AI,https://aimages.ai/,"Audio, music, and voice",Image generation and editing,Freemium,Web,"Web-based tool that creates images from text prompts using artificial intelligence, ideal for creative and design projects.",false,false,2026-08-18
AIMailman,https://aimailman.com/,Productivity and workflow,Writing and content,Freemium,Web; Browser Extension,"Email assistant that streamlines email drafting, management, and automation through a Chrome extension and web app, primarily supporting Gmail users.",false,false,2026-08-18
AIMakeSong,https://www.aimakesong.com/,"Audio, music, and voice",,Freemium,Web,AI-driven online tool that generates custom songs by composing melodies based on user-inputted lyrics and selected music styles.,false,false,2026-08-18
AimindCrafter,https://aimindcrafter.com/,Marketing and advertising,Writing and content,Freemium,Web,"Content generation platform that helps users create creative writing, marketing copy, and blog posts through customizable prompts and templates.",false,false,2026-08-18
aimusic.one,https://aimusic.one/,"Audio, music, and voice",,Freemium,Web,"AI-driven online platform that generates original, royalty-free music tracks customized by style, mood, and tempo, suitable for content creators and hobbyists.",false,false,2026-08-18
aimusicgen,https://aimusicgen.ai/,"Audio, music, and voice",,Freemium,Web,"Web-based AI platform that generates original, royalty-free music tracks in various genres and moods, ideal for content creators and professionals needing quick custom audio.",false,false,2026-08-18
Ain Finance,https://ain.finance/,Business and finance,Research and knowledge,Free,Web,"Decentralized finance platform that allows users to earn rewards through yield farming, token staking, and liquidity mining, with governance features for token holders.",false,false,2026-08-18
AIndLeads - AI finds Leads,https://aindleads.com/,Sales and CRM,Automation and agents,Paid; Free Trial,Web,Lead generation tool that automates finding and verifying business contacts to improve sales prospecting.,false,false,2026-08-18
AINIRO,https://ainiro.io/,SEO and search,Marketing and advertising,Paid; Free Trial,Web,Writing assistant designed to help marketers and content creators generate SEO-friendly content and marketing copy quickly and efficiently.,false,false,2026-08-18
AIOAI,https://aioai.co/,Automation and agents,Marketing and advertising,Freemium,Web,"Content generation platform that produces marketing copy, blog posts, and creative writing content efficiently through customizable templates and SEO optimization.",false,false,2026-08-18
AiPakistani,https://aipakistani.com/,SEO and search,Writing and content,Freemium,Web,"Writing assistant platform from Pakistan that helps users generate SEO-friendly content in English and Urdu for blogs, social media, and marketing.",false,false,2026-08-18
aiPDF,https://aipdf.ai/,Presentations and documents,Writing and content,Freemium,Web,"AI-driven platform that allows users to upload PDF files and interact with their content through a chatbot interface, enabling quick answers and summaries from documents.",false,false,2026-08-18
AIPDFs,https://aipdfs.com/,Presentations and documents,Writing and content,Freemium,Web,"Web-based AI tool that reads, summarizes, and allows interactive querying of PDF documents to help users quickly extract key information.",false,false,2026-08-18
AiPPT,https://www.aippt.com/,Presentations and documents,Productivity and workflow,Freemium,Web,AI-driven web tool that helps users create professional presentations quickly by generating slide content and designs automatically.,false,false,2026-08-18
AiPrice,https://aiprice.dev/,Business and finance,,Freemium,Web,"AI-driven dynamic pricing tool that helps e-commerce businesses optimize product prices in real-time by analyzing market demand, competitor pricing, and inventory data.",false,false,2026-08-18
AIQRHub,https://aiqrhub.com/,Coding and development,Marketing and advertising,Freemium,Web,"Platform that creates dynamic and customizable QR codes for marketing, business, and event use, offering real-time analytics and multiple QR code types.",false,false,2026-08-18
Aiquare,https://aiquare.com/,Automation and agents,Marketing and advertising,Paid,Web; API,"Platform that automates customer engagement using conversational AI chatbots and voice assistants, providing multi-channel communication and customer insights.",false,true,2026-08-18
AIQuizGen,https://aiquizgen.com/,Education and learning,Research and knowledge,Freemium,Web,"Platform that automates quiz creation by generating questions from user-provided content, supporting multiple question types and easy sharing.",false,false,2026-08-18
AIRadio.Host,https://airadio.host/,"Audio, music, and voice",Writing and content,Paid; Free Trial,Web,"AI-driven online radio automation platform that enables broadcasters to create, schedule, and manage internet radio stations with ease, supporting both automated playlists and live streaming.",false,false,2026-08-18
AirASO - Easy App Store Optimization with AI,https://airaso.co/,SEO and search,Research and knowledge,Freemium,Web,"AI-driven platform that helps mobile app developers and marketers optimize their app store listings through keyword research, competitor analysis, and metadata optimization to improve app visibility and downloads.",false,false,2026-08-18
Airbrush,https://www.airbrush.ai/,Research and knowledge,Data and analytics,Freemium,iOS; Android,"Mobile AI-powered photo editing app that enables users to enhance selfies and portraits with real-time retouching tools such as skin smoothing, blemish removal, and makeup application.",false,false,2026-08-18
AirBrush Studio,https://airbrush.com/,Research and knowledge,Data and analytics,Freemium,Web,"Online photo editing tool focused on beauty retouching and creative filters, accessible via web browsers without installation.",false,false,2026-08-18
Airbyte,https://airbyte.com/,Data and analytics,Coding and development,Freemium,Web; API,Open-source data integration platform that enables building and managing ETL and ELT pipelines with a large catalog of connectors and customizable options.,true,true,2026-08-18
Aircall,https://aircall.io/,Customer support,,Paid; Free Trial,Web; iOS; Android,"Cloud-based VoIP phone system that helps businesses manage inbound and outbound calls with CRM integrations, call routing, and analytics.",false,false,2026-08-18
AirCMP,https://aircmp.app/,Research and knowledge,Data and analytics,Paid; Free Trial,Web,AI-driven competitive market analysis tool that automates data collection and provides actionable insights to help businesses monitor competitors and optimize strategies.,false,false,2026-08-18
AirFry.ai,https://www.airfry.ai/,SEO and search,Health and lifestyle,Freemium,Web,"Writing assistant designed to generate and optimize content such as blog posts, marketing copy, and SEO-friendly text through an easy-to-use web platform.",false,false,2026-08-18
airgeek,https://www.airgeek.link/,Research and knowledge,Data and analytics,Freemium,Web,"Web-based tool that shortens URLs and generates QR codes with tracking analytics, designed for marketers and businesses to optimize campaigns.",false,false,2026-08-18
aiRight,https://airight.io/,Business and finance,Presentations and documents,Paid; Free Trial,Web,"AI-driven contract review platform that automates the analysis of legal documents to identify risks, obligations, and key clauses, helping legal teams speed up contract review processes.",false,false,2026-08-18
Airmeet,https://www.airmeet.com/,Marketing and advertising,,Freemium,Web,"Web-based virtual event platform that enables hosting interactive online conferences, webinars, and networking sessions with features like virtual stages, breakout rooms, and live engagement tools.",false,false,2026-08-18
Airn - Your AI Personal Growth Coach,https://airn.ai/,Health and lifestyle,,Freemium,Web,"Personal growth coach that provides tailored coaching, mindfulness guidance, and habit tracking to help users improve mental wellness and achieve personal goals.",false,false,2026-08-18
AiroMedical,https://airomedical.com/,Health and lifestyle,Research and knowledge,Paid,Web; API,AI-driven platform that assists radiologists by analyzing medical images such as X-rays and CT scans to detect abnormalities and support diagnostic decisions.,false,true,2026-08-18
Airparser,https://airparser.com/?gr_pk=wxpK,Automation and agents,Productivity and workflow,Freemium,Web,"Web-based tool that automatically extracts structured data from emails, enabling automation of workflows by sending parsed data to CRMs, spreadsheets, or other applications.",false,false,2026-08-18
Airpost,https://www.airpost.ai/,Automation and agents,Productivity and workflow,Freemium,Web; Browser Extension,"Email assistant that automates inbox management, reply drafting, and workflow automation to help users handle emails more efficiently.",false,false,2026-08-18
Airscale,https://airscale.io/,Education and learning,Developer infrastructure and models,Paid,Web,"Web-based platform that provides scalable, customizable data annotation services for AI training datasets, supporting images, videos, and text with quality assurance tools.",false,false,2026-08-18
Airship,https://www.airship.com/,Customer support,Sales and CRM,Paid; Free Trial,Web; API,"Customer engagement platform that enables businesses to send personalized push notifications, in-app messages, SMS, and emails to mobile and web users, helping improve retention and conversions through automation and segmentation.",false,true,2026-08-18
AirSim,https://microsoft.github.io/,Research and knowledge,Coding and development,Free; Open Source,Windows; macOS; Linux,"Free, open-source simulator developed by Microsoft that provides realistic environments and sensor models for autonomous vehicle and drone research, enabling safe AI training and testing.",true,false,2026-08-18
AIrticle flow,https://airticle-flow.com/,SEO and search,Writing and content,Freemium,Web,Writing assistant that generates SEO-friendly articles and marketing content to help users create high-quality text efficiently.,false,false,2026-08-18
AirTrackBot,https://airtrackbot.com/,Health and lifestyle,,Free,Web,"Free web tool that forecasts airfare price trends using historical data and AI, helping travelers decide the best time to book flights.",false,false,2026-08-18
AiScribbler,https://aiscribbler.co/,SEO and search,Writing and content,Freemium,Web,"Writing assistant that generates and optimizes content for blogs, marketing, and SEO purposes, helping users create quality text faster.",false,false,2026-08-18
AIScriptReader,https://aiscriptreader.com/,Productivity and workflow,Video,Freemium,Web,Tool that analyzes and summarizes scripts to help content creators improve clarity and engagement.,false,false,2026-08-18
AISEO,https://aiseo.ai/,SEO and search,Research and knowledge,Paid; Free Trial,Web,"Content generation platform designed to create SEO-optimized articles, blog posts, and meta descriptions, helping marketers and bloggers produce high-quality content efficiently.",false,false,2026-08-18
AISOAP - AI SOAP Notes,https://aisoap.com/,Health and lifestyle,Productivity and workflow,Paid; Free Trial,Web,"Tool that generates structured SOAP notes from clinical inputs, streamlining medical documentation for healthcare professionals.",false,false,2026-08-18
AISong.ai,https://aisong.ai/,"Audio, music, and voice",,Freemium,Web,"AI-driven online platform that generates original songs and melodies based on user inputs like mood and theme, enabling easy music creation without musical expertise.",false,false,2026-08-18
Aispect,https://aispect.io/,Data and analytics,"Audio, music, and voice",Paid,Web; API,AI-based video analytics platform that provides real-time object detection and anomaly detection to enhance security and operational efficiency across industries.,false,true,2026-08-18
AIStoryBuilders,https://aistorybuilders.com/,Writing and content,Chatbots and assistants,Paid; Free Trial,Web,"Writing assistant that generates creative stories and content based on user prompts, designed to help writers and marketers produce engaging narratives efficiently.",false,false,2026-08-18
Aistro,https://www.aistro.io/,SEO and search,Writing and content,Paid; Free Trial,Web,"Writing assistant that generates and optimizes SEO-friendly content for blogs, marketing, and more through a user-friendly web platform.",false,false,2026-08-18
AITalk,https://aitalk.im/,"Audio, music, and voice",,Paid; Free Trial,Web; API,"Text-to-speech tool from Japan that converts text into natural, expressive speech with multiple voice options and API support.",false,true,2026-08-18
AITDK,https://aitdk.com/,Research and knowledge,Automation and agents,Freemium,Web,AI-driven platform that centralizes data knowledge and automates workflows to improve business efficiency.,false,false,2026-08-18
Aiter.io,https://aiter.io/,SEO and search,Writing and content,Freemium,Web,"Writing assistant that helps users generate SEO-optimized content, blog posts, and marketing copy through an easy-to-use web platform.",false,false,2026-08-18
Aithenticate,https://aithenticate.org/,Writing and content,,Paid; Free Trial,Web,Web-based tool that detects AI-generated text and plagiarism to ensure content originality for academic and professional use.,false,false,2026-08-18
aiTherapyCall: Mind-Blowing AI Therapy!,https://aitherapycall.com/,Health and lifestyle,Chatbots and assistants,Freemium,Web,Mental health platform providing conversational therapy and emotional support through an empathetic chatbot accessible via web.,false,false,2026-08-18
AIToolGo,https://aitoolgo.com/,Education and learning,Business and finance,Free,Web,"Free online directory that helps users discover, compare, and evaluate AI software tools across various industries and use cases.",false,false,2026-08-18
AITorke,https://aitorke.com/,SEO and search,Writing and content,Freemium,Web,"Writing assistant that helps users generate, optimize, and edit content with SEO tools and AI-powered suggestions.",false,false,2026-08-18
aiupdatesnow.com,https://aiupdatesnow.com/,Research and knowledge,Data and analytics,Free,Web,"Free online platform that aggregates and curates the latest news and updates about artificial intelligence and machine learning, helping users stay informed about current AI trends and technologies.",false,false,2026-08-18
AIUpHouse,https://aiuphouse.com/,SEO and search,Automation and agents,Paid; Free Trial,Web,"AI-driven content generation platform designed to help marketers and businesses create SEO-optimized marketing content, including blog posts, product descriptions, and email campaigns.",false,false,2026-08-18
AIVideo,https://www.aivideo.com/,Automation and agents,Marketing and advertising,Freemium,Web,"Web-based AI video generator that automates video creation and editing using customizable templates and AI-driven tools, ideal for marketers and content creators.",false,false,2026-08-18
AIVlog,https://myaivlog.com/,Automation and agents,Marketing and advertising,Freemium,Web,"Platform that automates video blog creation by generating scripts, editing videos, and providing customizable templates and voiceovers for efficient content production.",false,false,2026-08-18
Aivocado,https://aivocado.online/,SEO and search,Image generation and editing,Freemium,Web,"Writing assistant designed to help users create various types of content such as blog posts, marketing copy, and product descriptions with SEO optimization features.",false,false,2026-08-18
AIVocal,https://aivocal.io/,"Audio, music, and voice",Chatbots and assistants,Freemium,Web; API,"Voice synthesis platform that converts text into natural, human-like speech with multi-language support and custom voice cloning options.",false,true,2026-08-18
AiVOOV - Text to Speech Solution,https://aivoov.com/,"Audio, music, and voice",,Freemium,Web,"AI-driven text to speech platform that converts written text into natural, human-like audio in multiple languages, suitable for voiceovers, audiobooks, and accessibility.",false,false,2026-08-18
aiWritely,https://www.aiwritely.com/,SEO and search,Writing and content,Freemium,Web,"Web-based AI writing assistant that generates SEO-friendly content, blog posts, and marketing copy to help users create quality text faster.",false,false,2026-08-18
Aixpertrecruit,https://aixpertrecruit.com/,Business and finance,Research and knowledge,Paid,Web,"AI-driven recruitment platform that automates candidate sourcing, resume screening, interview scheduling, and talent pipeline management to help recruiters hire efficiently.",false,false,2026-08-18
Akeneo,https://www.akeneo.com/,Business and finance,Marketing and advertising,Paid; Free Trial,Web,"Product Information Management (PIM) platform that centralizes, enriches, and distributes product data to improve accuracy and consistency across sales channels.",false,false,2026-08-18
Akismet,https://akismet.com/,Coding and development,Marketing and advertising,Freemium,Web; API,WordPress plugin developed by Automattic that automatically detects and blocks spam comments and form submissions using machine learning and a global spam database.,false,true,2026-08-18
Akkadu AI Subtitles,https://akkadu.ai/,Research and knowledge,Data and analytics,Paid,Web; API,"AI-driven platform that automatically generates, translates, and synchronizes subtitles for videos in multiple languages, supporting both pre-recorded and live content.",false,true,2026-08-18
Alation,https://www.alation.com/,Data and analytics,Chatbots and assistants,Paid,Web; API,"Enterprise data catalog platform that centralizes metadata, enabling data discovery, governance, and collaboration to improve analytics and compliance.",false,true,2026-08-18
AlayaCare,https://alayacare.com/,Sales and CRM,Health and lifestyle,Paid,Web; iOS; Android,"Cloud-based home healthcare software platform that helps agencies manage care plans, scheduling, telehealth, and electronic visit verification to improve patient outcomes and operational efficiency.",false,false,2026-08-18
Albacross,https://www.albacross.com/,Sales and CRM,Data and analytics,Freemium,Web; API,"B2B lead generation platform that identifies anonymous website visitors, provides detailed company insights, and integrates with CRM systems to help businesses convert visitors into qualified leads.",false,true,2026-08-18
Alchemi.ai,https://www.alchemi.ai/,SEO and search,Education and learning,Paid,Web,"Data annotation platform that automates and manages labeling of images, videos, text, and audio to prepare datasets for AI and machine learning models with human-in-the-loop quality control.",false,false,2026-08-18
Alchemy,https://www.alchemy.com/,Coding and development,,Freemium,Web; API,"Blockchain developer platform providing APIs and scalable node infrastructure to build, monitor, and scale decentralized applications on Ethereum and other blockchains.",false,true,2026-08-18
Aleah AI,https://aleahai.com/,Productivity and workflow,Writing and content,Paid; Free Trial,Web,"AI-driven writing assistant that helps users create, edit, and customize written content efficiently using advanced natural language processing.",false,false,2026-08-18
aleph-alpha.com,https://aleph-alpha.com/,Education and learning,Presentations and documents,Freemium,Web; API,"German AI company providing advanced multilingual large language models accessible via API for tasks like text generation, summarization, and semantic search.",false,true,2026-08-18
AlertMedia,https://www.alertmedia.com/,Customer support,,Paid,Web; API,"Emergency communication platform that enables organizations to send mass notifications via multiple channels, track employee safety, and manage crisis communications effectively.",false,true,2026-08-18
alevels.ai,https://www.alevels.ai/,Education and learning,Chatbots and assistants,Freemium,Web,"AI-driven platform that helps A-Level students prepare for exams through personalized study plans, AI-generated practice questions, and instant doubt resolution.",false,false,2026-08-18
Alexa Translations A.I.,https://alexatranslations.com/,Education and learning,Developer infrastructure and models,Paid,Web,AI-driven platform providing fast and accurate multilingual translation and localization services for businesses to communicate globally.,false,false,2026-08-18
Algo for Podcasts,https://algo.tv/,Education and learning,Developer infrastructure and models,Freemium,Web,Platform that personalizes podcast recommendations based on your listening preferences using machine learning algorithms.,false,false,2026-08-18
Algobash.com,https://www.algobash.com/en/,Business and finance,Productivity and workflow,Freemium,Web,"Coding assistant that helps generate code snippets, debug errors, and explain programming concepts through a web-based interface supporting multiple languages.",false,false,2026-08-18
Algochat,https://www.algochat.io/,Customer support,Automation and agents,Freemium,Web; API,Chatbot platform that helps businesses automate customer support and lead generation through an easy visual builder and multi-channel deployment.,false,true,2026-08-18
AlgoDocs,https://algodocs.com/,Business and finance,Presentations and documents,Paid; Free Trial,Web,"AI-driven document automation platform designed to help legal and business teams automate contract drafting, collaborate efficiently, and streamline document workflows.",false,false,2026-08-18
Algolia,https://www.algolia.com/,Coding and development,,Freemium,Web; API,"Hosted search API platform that provides instant, relevant, and typo-tolerant search experiences for websites and applications through easy-to-use APIs and SDKs.",false,true,2026-08-18
Algor Education,https://www.algoreducation.com/en,Education and learning,Chatbots and assistants,Freemium,Web,"AI-driven tutoring platform that provides personalized homework help, concept explanations, and study support through adaptive learning technology.",false,false,2026-08-18
Algoriddim djay,https://www.algoriddim.com/,"Audio, music, and voice",,Freemium,Windows; macOS; iOS; Android,"Cross-platform DJ software that enables live music mixing with automatic beat detection, streaming service integration, and a variety of audio effects suitable for beginners and professionals.",false,false,2026-08-18
AlgoVue,https://algovue.app/,Business and finance,Automation and agents,Freemium,Web; API,"AI-driven trading platform that enables users to build, backtest, and automate algorithmic trading strategies for cryptocurrencies and stocks without requiring advanced coding skills.",false,true,2026-08-18
ALIagents.ai,https://aliagents.ai/,Sales and CRM,Business and finance,Paid; Free Trial,Web; API,"Platform that helps real estate professionals generate, qualify, and manage property leads using chatbots and an integrated CRM system.",false,true,2026-08-18
AliDropship,https://alidropship.com/,Business and finance,Automation and agents,Paid; Free Trial,Web,"WordPress plugin that automates dropshipping by importing products from AliExpress, automating order fulfillment, and managing pricing and inventory for WooCommerce stores.",false,false,2026-08-18
AliExpress,https://ar.aliexpress.com/?gatewayAdapt=glo2ara,Business and finance,Marketing and advertising,Free,Web; iOS; Android,"Global e-commerce platform owned by Alibaba Group that connects buyers and sellers worldwide, offering a wide range of products at competitive prices with buyer protection and international shipping.",false,false,2026-08-18
All Hashtag,https://all-hashtag.com/,SEO and search,Marketing and advertising,Freemium,Web,"Web-based tool that helps users generate relevant hashtags, analyze their popularity, and create custom hashtags to improve social media engagement on platforms like Instagram and Twitter.",false,false,2026-08-18
All Search AI,https://allsearch.ai/,Research and knowledge,Productivity and workflow,Freemium,Web,"Universal search engine that aggregates information from multiple sources and uses semantic understanding to deliver relevant, comprehensive search results quickly.",false,false,2026-08-18
All Voice Lab,https://allvoicelab.com/,"Audio, music, and voice",,Paid; Free Trial,Web,"Text-to-speech platform that creates realistic, customizable voiceovers in multiple languages, suitable for content creation, marketing, and accessibility.",false,false,2026-08-18
Allego,https://www.allego.com/,Customer support,Sales and CRM,Paid,Web; iOS; Android,"Sales learning platform that provides video coaching, content management, and mobile learning tools to help sales teams improve skills and accelerate onboarding.",false,false,2026-08-18
allganize.ai,https://www.allganize.ai/,Research and knowledge,Automation and agents,Paid,Web; API,"Enterprise AI platform specializing in natural language processing to automate document understanding, semantic search, and customer support through AI chatbots.",false,true,2026-08-18
Alli AI,https://www.alliai.com/?lmref=yX_iIA,SEO and search,Automation and agents,Paid; Free Trial,Web,"SEO automation platform that helps marketers automate keyword research, content optimization, and SEO campaign management to improve organic search performance efficiently.",false,false,2026-08-18
Allrecipes,https://allrecipes.com/,Health and lifestyle,Marketing and advertising,Free,Web; iOS; Android,"Free online platform offering a vast collection of user-generated recipes, meal planning tools, and a cooking community to help users discover, save, and share recipes.",false,false,2026-08-18
AllTrails,https://www.alltrails.com/,Health and lifestyle,,Freemium,Web; iOS; Android,"App that helps users find, navigate, and track hiking and outdoor trails with GPS, offline maps, and community reviews.",false,false,2026-08-18
Almeta ML,https://almeta.cloud/,Education and learning,Developer infrastructure and models,Paid,Web,"Cloud platform that automates machine learning workflows including data preprocessing, model training, and deployment, designed for both data scientists and business users.",false,false,2026-08-18
AloAngels,https://www.aloangels.me/,Customer support,Automation and agents,Paid; Free Trial,Web; API,Chatbot platform that helps businesses automate customer support and engage users through personalized conversational AI.,false,true,2026-08-18
Alpha Vantage,https://www.alphavantage.co/,Business and finance,Data and analytics,Freemium,Web; API,"Financial data platform providing free and premium APIs for real-time and historical stock, forex, and cryptocurrency market data, including technical indicators, suitable for developers and analysts.",false,true,2026-08-18
AlphaFold,https://alphafold.ebi.ac.uk/,Education and learning,Research and knowledge,Free,Web,"System developed by DeepMind that predicts highly accurate 3D protein structures from amino acid sequences, accessible free via the EBI website.",false,false,2026-08-18
Alphapro,https://www.alphapro.ai/,SEO and search,Marketing and advertising,Paid; Free Trial,Web,"Writing assistant designed to help marketers and content creators generate SEO-optimized content such as blog posts, marketing copy, and social media posts efficiently through an easy-to-use web platform.",false,false,2026-08-18
AlphaResearch,https://alpharesearch.io/,Research and knowledge,Automation and agents,Freemium,Web,"AI-driven platform that automates market research by enabling users to create surveys, analyze data in real time, and generate actionable insights to support business decisions.",false,false,2026-08-18
AlphaSense,https://www.alpha-sense.com/,Business and finance,Data and analytics,Paid,Web; API,"AI-driven market intelligence platform that helps businesses and investors quickly find and analyze financial documents, news, and research reports to make informed decisions.",false,true,2026-08-18
Alphy,https://alphy.app/,Presentations and documents,Research and knowledge,Freemium,Web,"Chatbot that allows users to upload documents and ask questions to get instant, accurate answers extracted directly from the content.",false,false,2026-08-18
AlsoAsked,https://alsoasked.com/,SEO and search,Research and knowledge,Freemium,Web,SEO tool that visualizes related search questions from Google's 'People Also Ask' feature to help users uncover keyword opportunities and understand search intent.,false,false,2026-08-18
AlTable.ai: No-code Al Agents Builder,https://aitable.ai/,Research and knowledge,Automation and agents,Freemium,Web,No-code platform that lets users create custom AI agents to automate tasks and workflows by integrating data and APIs without programming skills.,false,false,2026-08-18
Altered,https://www.altered.ai/,"Audio, music, and voice",Chatbots and assistants,Freemium,Web; macOS,"AI-driven voice changer software that enables real-time voice modulation, voice cloning, and customizable AI voices primarily for English speakers, suitable for content creators, streamers, and voice actors.",false,false,2026-08-18
Altermind,https://www.altermind.xyz/,Customer support,Education and learning,Paid,Web,"AI-driven predictive analytics platform that helps businesses forecast trends, simulate scenarios, and assess risks to make informed decisions.",false,false,2026-08-18
Alya,https://alyatherapist.xyz/,Health and lifestyle,Chatbots and assistants,Free,Web,"Free AI-powered virtual therapist chatbot that provides empathetic conversations, mental health screening, and coping strategies to support emotional wellbeing online.",false,false,2026-08-18
Amadeus Travel API,https://developers.amadeus.com/,Health and lifestyle,Coding and development,Freemium,Web; API,"Developer platform offering RESTful APIs to access global flight, hotel, and travel data for building travel booking and itinerary management applications.",false,true,2026-08-18
amara,https://amara.care/,Health and lifestyle,Productivity and workflow,Paid,Web,"Cloud-based home health software that helps agencies manage caregiver scheduling, patient care, billing, payroll, and compliance efficiently.",false,false,2026-08-18
Amarkdown,https://amarkdown.com/,Research and knowledge,Productivity and workflow,Free,Web,"Free, minimalist web-based markdown editor that provides live preview and supports standard markdown syntax without requiring signup.",false,false,2026-08-18
Amazon,https://www.amazon.com/,Customer support,Business and finance,Freemium,Web; iOS; Android; API,"Global e-commerce platform offering online shopping, seller services, digital content, and cloud computing through AWS.",false,true,2026-08-18
Amazy.uk,https://amazy.uk/,SEO and search,Education and learning,Freemium,Web,"UK-based AI content generation platform that helps marketers and businesses create SEO-friendly articles, marketing copy, and product descriptions efficiently through an easy-to-use web interface.",false,false,2026-08-18
AMBLR - AI Travel Planner,https://amblr.xyz/,Health and lifestyle,Productivity and workflow,Freemium,Web,"Travel planner that creates personalized trip itineraries based on your preferences, travel dates, and budget, helping you plan multi-destination trips with budget estimates and customizable plans.",false,false,2026-08-18
AMCS Waste Management Software,https://www.amcsgroup.com/,Sales and CRM,,Paid,Web,"Platform for waste and recycling companies offering fleet management, route optimization, customer service, and compliance reporting to streamline operations.",false,false,2026-08-18
Amdocs Fraud Management,https://www.amdocs.com/,Customer support,Data and analytics,Paid,Web; API,"Telecom-focused software solution that uses AI and real-time analytics to detect, prevent, and manage fraud, helping operators protect revenue and reduce losses.",false,true,2026-08-18
Amplemarket AI,https://www.amplemarket.com/,Sales and CRM,Automation and agents,Freemium,Web; API,"Sales automation platform that leverages artificial intelligence to automate lead generation, personalize email outreach, and integrate with CRM systems to enhance sales productivity.",false,true,2026-08-18
Amplifiles,https://www.amplifiles.ai/,Presentations and documents,Productivity and workflow,Freemium,Web; API,"Document management platform that enables teams to collaborate in real-time, securely share files, and automate workflows with intelligent search and version control.",false,true,2026-08-18
Amplitude,https://amplitude.com/,Data and analytics,Marketing and advertising,Freemium,Web; API,Product analytics platform that helps businesses track and analyze user behavior to improve product engagement and growth.,false,true,2026-08-18
AmpUp,https://www.ampup.ai/,SEO and search,Automation and agents,Freemium,Web,"Writing assistant designed to help marketers and content creators generate high-quality, SEO-optimized content quickly and efficiently.",false,false,2026-08-18
Amuse,https://www.amuse.io/en/,Marketing and advertising,"Audio, music, and voice",Freemium,Web; iOS; Android,"Music distribution platform that enables independent artists and record labels to distribute their music to major streaming services worldwide, offering free and subscription plans with royalty management and analytics.",false,false,2026-08-18
AMZScout,https://amzscout.net/,SEO and search,Research and knowledge,Freemium,Web; Browser Extension,"Amazon product research tool that helps sellers find profitable products, estimate sales, perform keyword research, and analyze competitors to optimize their Amazon business.",false,false,2026-08-18
anakin.ai,https://anakin.ai/,Education and learning,Developer infrastructure and models,Freemium,Web,"Data analytics platform that helps businesses analyze data, generate predictive insights, and create interactive dashboards to support informed decision-making.",false,false,2026-08-18
Analogenie,https://analogenie.com/,Research and knowledge,Productivity and workflow,Freemium,Web,"Writing assistant designed to help users generate, edit, and improve creative and technical content through advanced natural language processing.",false,false,2026-08-18
Analytics Model,https://www.analytics-model.com/,Education and learning,Developer infrastructure and models,Paid; Free Trial,Web,"Web-based AI platform that automates data analysis and predictive modeling, enabling users to generate insights and visualizations without coding expertise.",false,false,2026-08-18
Analyzr,https://analyzr.ai/,Data and analytics,,Freemium,Web,"AI-driven data analytics platform that helps businesses automate data processing, generate real-time reports, and leverage predictive analytics for better decision-making.",false,false,2026-08-18
Anania AI,https://anania.ai/,Data and analytics,Chatbots and assistants,Freemium,Web,"Web-based platform that allows users to query databases and spreadsheets using natural language, providing instant answers and visualizations without requiring SQL knowledge.",false,false,2026-08-18
Anaplan,https://www.anaplan.com/,Business and finance,Data and analytics,Paid,Web; API,"Cloud-based enterprise planning platform that enables connected planning across finance, sales, operations, and HR to improve decision-making and agility.",false,true,2026-08-18
anchain.ai,https://www.anchain.ai/,Data and analytics,,Paid,Web; API,"Blockchain analytics platform that helps enterprises detect fraud, ensure AML compliance, and manage crypto risks through real-time monitoring and advanced analytics.",false,true,2026-08-18
Andela,https://www.andela.com/,Business and finance,Coding and development,Paid,Web,"Platform that connects companies with vetted remote software developers globally, offering flexible hiring models and ongoing support to scale engineering teams efficiently.",false,false,2026-08-18
Andi,https://andisearch.com/,Productivity and workflow,Chatbots and assistants,Freemium,Web; Browser Extension,"Search assistant that provides fast, conversational answers and summaries by leveraging real-time web data, designed to enhance traditional search engines.",false,false,2026-08-18
Angry Email Translator,https://angryemailtranslator.com/,Productivity and workflow,Writing and content,Free,Web,"Free web tool that transforms angry or harsh emails into calm, polite, and professional messages to improve communication.",false,false,2026-08-18
Anima,https://www.animaapp.com/,Coding and development,,Freemium,Web; API,"Tool that converts UI/UX designs from Figma, Sketch, or Adobe XD into clean React, HTML, or Vue code, enabling interactive prototypes and faster developer handoff.",false,true,2026-08-18
Animate AI,https://animateai.pro/,Marketing and advertising,Video,Freemium,Web,AI-driven animation platform that enables users to create professional animated videos using customizable templates and an easy drag-and-drop editor.,false,false,2026-08-18
Animate.css,https://animate.style/,Coding and development,Video,Free,Web,Free CSS library that provides ready-made animation classes to easily add animations to web elements without JavaScript.,true,false,2026-08-18
Animista,https://animista.net/,Coding and development,Video,Free,Web,Free online CSS animation library that lets users customize and export animations for web projects without coding from scratch.,false,false,2026-08-18
Animood,https://animood.lirena.in/,Marketing and advertising,Video,Freemium,Web,"Video creation tool that transforms text into animated videos using customizable templates, ideal for marketers and educators.",false,false,2026-08-18
Anjuke,https://www.anjuke.com/,Business and finance,Data and analytics,Free,Web,"Chinese online real estate platform providing property listings, market data, and tools to help users buy, sell, or rent properties in China.",false,false,2026-08-18
Anki,https://apps.ankiweb.net/,Education and learning,Health and lifestyle,Free,Web; iOS; Android,Open-source spaced repetition flashcard program that helps users memorize information efficiently by scheduling reviews at optimal intervals to enhance long-term retention.,false,false,2026-08-18
anki-decks.com,https://anki-decks.com/,Education and learning,Writing and content,Free,Web,"Free web platform offering thousands of user-shared Anki flashcard decks for download and study, supporting efficient spaced repetition learning.",false,false,2026-08-18
AnkiWeb,https://ankiweb.net/,Education and learning,Health and lifestyle,Free,Web; iOS; Android,"Free web-based platform that enables users to create, study, and sync flashcards using spaced repetition to improve memory retention.",false,false,2026-08-18
Anodot,https://www.anodot.com/,Education and learning,Developer infrastructure and models,Paid,Web; API,"AI-driven anomaly detection platform that monitors business and operational data in real time, automatically identifying unusual patterns and providing alerts and root cause analysis to help enterprises quickly address issues.",false,true,2026-08-18
Anomali,https://www.anomali.com/,Customer support,Data and analytics,Paid,Web; API,Cybersecurity threat intelligence platform that aggregates and analyzes threat data to help organizations detect and respond to cyber threats efficiently.,false,true,2026-08-18
Anonos,https://anonos.com/,Business and finance,Data and analytics,Paid,Web; API,"Data privacy platform that uses patented privacy-enhancing technologies to protect sensitive data, enable secure sharing, and ensure compliance with regulations like GDPR and CCPA.",false,true,2026-08-18
Answer AI,https://answerai.pro/,Customer support,Research and knowledge,Paid; Free Trial,Web; API,AI-driven customer support platform that combines chatbots and a smart knowledge base to automate responses and improve customer service efficiency.,false,true,2026-08-18
AnswerConnect,https://www.answerconnect.com/,Customer support,,Paid,Web,"Virtual receptionist service providing 24/7 live call answering, appointment scheduling, and lead capture to help businesses manage inbound calls professionally.",false,false,2026-08-18
AnswerThePublic,https://answerthepublic.com/en,SEO and search,Research and knowledge,Freemium,Web,Keyword research tool that visualizes search queries and questions from users to help marketers and content creators generate SEO-friendly content ideas.,false,false,2026-08-18
AnswerTime,https://answerti.me/,Customer support,Research and knowledge,Freemium,Web; API,"Chatbot platform that automates customer support by providing instant, conversational responses to website visitors, improving engagement and operational efficiency.",false,true,2026-08-18
Ant Design,https://ant.design/,Coding and development,,Free; Open Source,Web,Open-source React UI framework providing a comprehensive set of reusable components and design guidelines to build enterprise-level web applications with consistent and customizable user interfaces.,true,false,2026-08-18
AntV,https://antv.vision/,Data and analytics,Coding and development,Free; Open Source,Web; API,"Open-source JavaScript data visualization library developed by Alibaba that enables developers to create interactive, customizable charts and graphs for web applications.",true,true,2026-08-18
Anvenssa.com,https://www.anvenssa.com/,SEO and search,Customer support,Freemium,Web,"Writing assistant designed to generate SEO-optimized content, blog posts, and marketing copy through an easy-to-use web platform.",false,false,2026-08-18
Anvil,https://anvil.works/,Coding and development,,Freemium,Web,"Low-code platform that enables users to build full-stack web applications using Python with a drag-and-drop interface, eliminating the need for JavaScript or HTML knowledge.",false,false,2026-08-18
anvsoft.com,https://www.anvsoft.com/,Research and knowledge,Data and analytics,Paid; Free Trial,Windows; macOS,"Anvsoft provides multimedia software for converting video and audio files, ripping DVDs, and basic video editing on Windows and Mac platforms.",false,false,2026-08-18
Anxiety Simulator,https://anxietysimulator.com/,Education and learning,Health and lifestyle,Free,Web,Free web-based tool that simulates the physical and emotional symptoms of anxiety to educate users and foster empathy.,false,false,2026-08-18
Any Summary,https://anysummary.app/,Productivity and workflow,Writing and content,Freemium,Web,AI-based web tool that condenses long text into brief summaries to help users quickly grasp key information.,false,false,2026-08-18
Any.do,https://www.any.do/,Health and lifestyle,Productivity and workflow,Freemium,Web; iOS; Android; Browser Extension,"Task management and to-do list app that helps users organize tasks, set reminders, sync calendars, and collaborate with others across multiple platforms.",false,false,2026-08-18
"AnyClip, The Genius Platform",https://anyclip.com/,Data and analytics,Video,Paid,Web; API,"AnyClip Genius Platform is an AI-driven video content intelligence solution that analyzes, tags, and manages video assets to improve search, personalization, and monetization for media companies and brands.",false,true,2026-08-18
anyLanguage.ai,https://anylanguage.ai/,Education and learning,Developer infrastructure and models,Paid; Free Trial,Web; API,AI-driven translation platform that supports over 30 languages and offers API integration for seamless multilingual content localization.,false,true,2026-08-18
AnyList,https://www.anylist.com/,Health and lifestyle,Marketing and advertising,Freemium,Web; iOS; Android,"Grocery shopping and meal planning app that helps users create organized shopping lists, save and manage recipes, plan meals on a calendar, and share lists with others for collaborative shopping.",false,false,2026-08-18
AnyLogic,https://www.anylogic.com/,Data and analytics,Coding and development,Paid; Free Trial,macOS; Linux,"Professional simulation software platform that supports multiple modeling methods including system dynamics, agent-based, and discrete event simulation, used for analyzing and optimizing complex systems across industries.",false,false,2026-08-18
AnyoneCanAI,https://www.anyonecanai.io/,Education and learning,Developer infrastructure and models,Freemium,Web,"No-code AI platform that allows users to create, train, and deploy custom AI models easily without programming skills.",false,false,2026-08-18
Anyoneswap,https://www.anyoneswap.com/,Business and finance,Research and knowledge,Free,Web,"Decentralized exchange platform that facilitates secure cross-chain token swaps without intermediaries, allowing users to trade cryptocurrencies across multiple blockchains while retaining control of their assets.",false,false,2026-08-18
Anyscale | Scalable Compute for AI and Python,https://www.anyscale.com/,Research and knowledge,Data and analytics,Freemium,Web; API,"Managed cloud platform that simplifies scaling Python and AI applications using the Ray framework, providing autoscaling clusters, multi-cloud support, and developer tools for distributed computing.",false,true,2026-08-18
Anythingyou.AI,https://anythingyou.ai/,Marketing and advertising,Image generation and editing,Paid; Free Trial,Web,AI-driven platform that helps users generate creative and marketing content efficiently through customizable templates and advanced text generation models.,false,false,2026-08-18
Anyword,https://www.anyword.com/,SEO and search,Marketing and advertising,Paid; Free Trial,Web,"Copywriting tool that helps marketers and content creators generate optimized ad copy, blog posts, and marketing content with predictive performance scoring and multi-language support.",false,false,2026-08-18
Apache NiFi,https://nifi.apache.org/,Data and analytics,Coding and development,Free,Web,"Open-source data integration tool that automates and manages real-time dataflows using a visual interface, supporting data routing, transformation, and provenance tracking.",true,false,2026-08-18
Aperty | Professional Portrait Editor,https://aperty.ai/,Marketing and advertising,Image generation and editing,Freemium,Web,"Online portrait editor that automatically retouches photos by smoothing skin, removing blemishes, and adjusting lighting to produce professional-quality portraits quickly and easily.",false,false,2026-08-18
Apex Vision AI - Homework & Quiz Answering AI,https://apexvision.ai/,Education and learning,Research and knowledge,Freemium,Web,Educational assistant that provides students with accurate homework and quiz answers along with detailed explanations to enhance learning.,false,false,2026-08-18
API Layer,https://apilayer.com/,Coding and development,,Freemium,Web; API,"Platform that provides developers and businesses with easy access to a wide range of APIs for data validation, real-time information, and automation through a unified interface.",false,true,2026-08-18
API2D,https://api2d.com/,Education and learning,Developer infrastructure and models,Freemium,Web; API,"Cloud-based AI API platform that enables developers to deploy, manage, and access custom AI models via standardized APIs, simplifying AI integration and scaling.",false,true,2026-08-18
Apollo Auto,https://www.apollo.auto/,Coding and development,,Free; Open Source,Web; Linux; API,"Open-source autonomous driving software platform providing a full software stack for self-driving vehicles, including perception, planning, control, and simulation tools.",true,true,2026-08-18
Apollo Health MD,https://apollohealth.ai/,Health and lifestyle,Research and knowledge,Paid,Web; API,Platform that analyzes medical images to assist radiologists and clinicians in diagnosing diseases more accurately and efficiently.,false,true,2026-08-18
Apollo.io,https://www.apollo.io/,Sales and CRM,Automation and agents,Freemium,Web; API,"Sales engagement platform that combines a large contact database, email automation, and CRM tools to help businesses find leads, automate outreach, and manage customer relationships efficiently.",false,true,2026-08-18
aporia.com,https://www.aporia.com/,Education and learning,Developer infrastructure and models,Paid; Free Trial,Web,"Monitoring platform that helps organizations track machine learning model performance, detect data and prediction drift, and maintain compliance through real-time alerts and analytics.",false,false,2026-08-18
AppAI,https://appai.co.uk/,Research and knowledge,Design and creative,Freemium,Web,"UK-based AI-powered no-code platform that enables rapid mobile app prototyping without coding, ideal for entrepreneurs and designers to validate app ideas quickly.",false,false,2026-08-18
AppBuzz,https://www.appbuzz.ai/,Research and knowledge,Data and analytics,Freemium,Web,"AI-driven app store analytics platform that provides real-time data, competitor benchmarking, keyword analysis, and market insights to help mobile app developers and marketers optimize growth and visibility.",false,false,2026-08-18
Appcues,https://www.appcues.com/,Coding and development,Marketing and advertising,Paid; Free Trial,Web; API,No-code user onboarding platform that helps businesses create personalized in-app experiences to improve product adoption and user engagement without coding.,false,true,2026-08-18
Appdron ChatGPT Dashboard,https://appdron.com/,Productivity and workflow,Data and analytics,Freemium,Web,"Web-based platform that centralizes management of multiple ChatGPT sessions, offering organized chat history and a user-friendly interface to enhance productivity.",false,false,2026-08-18
Appen,https://www.appen.com/,Education and learning,Research and knowledge,Paid,Web,Platform offering scalable data annotation and collection services through a global crowd workforce to support AI and machine learning model training.,false,false,2026-08-18
AppFollow,https://appfollow.io/,Customer support,Data and analytics,Freemium,Web; iOS; Android,"Platform that centralizes app reviews, tracks keywords for ASO, monitors competitors, and automates review responses to help app marketers and developers improve app visibility and user satisfaction.",false,false,2026-08-18
AppGen,https://symph.ai/,Education and learning,Research and knowledge,Paid,Web,"Platform by Symph.ai that automates the creation, deployment, and maintenance of software applications, enabling rapid development with minimal coding.",false,false,2026-08-18
Appkina.com,https://appkina.com/,Coding and development,,Freemium,Web,No-code platform that lets you create custom mobile and web apps using a drag-and-drop interface without any programming skills.,false,false,2026-08-18
applai.me,https://applai.me/,Presentations and documents,Research and knowledge,Freemium,Web,"AI-driven platform that helps users generate innovative app ideas and validate them with market insights, supporting entrepreneurs and developers in early-stage concept development.",false,false,2026-08-18
ApplicantAI,https://applicantai.com/,Business and finance,Presentations and documents,Paid,Web,Recruitment tool that automates resume screening and candidate matching to streamline hiring processes and improve candidate selection accuracy.,false,false,2026-08-18
Applio,https://applio.org/,Education and learning,Developer infrastructure and models,Free; Open Source,Web; API,"Open source platform designed for deploying, managing, and scaling containerized AI models with Kubernetes support, offering APIs, monitoring, and version control.",true,true,2026-08-18
AppLovin,https://applovin.com/en,Data and analytics,Marketing and advertising,Paid,Web; API,"Mobile marketing platform that helps app developers acquire users, monetize apps, and optimize ad campaigns through advanced targeting, ad mediation, and analytics tools.",false,true,2026-08-18
Apployal: AI-Powered app localization,https://apployal.io/,Coding and development,"Audio, music, and voice",Paid; Free Trial,Web; API,"Platform that automates and manages mobile app localization, enabling developers to efficiently translate and maintain multilingual apps with collaboration and API support.",false,true,2026-08-18
Apply AI,https://apply-ai.work/,Business and finance,Presentations and documents,Paid; Free Trial,Web,"AI-driven platform that automates job applications, optimizes resumes, and helps job seekers manage their job search efficiently.",false,false,2026-08-18
Apply Pro,https://applypro.ai/,Business and finance,Presentations and documents,Paid; Free Trial,Web,"AI-driven recruitment platform that automates candidate screening, tracks applicants, and facilitates interview scheduling to streamline hiring processes.",false,false,2026-08-18
ApplyGoat,https://applygoat.com/,Education and learning,Presentations and documents,Freemium,Web,"AI-driven platform designed to assist students in writing and refining their college application essays by providing personalized prompts, grammar corrections, and feedback.",false,false,2026-08-18
ApplyPass,https://www.applypass.com/,Business and finance,Coding and development,Paid; Free Trial,Web,"Web-based recruitment platform that streamlines job application management, applicant tracking, and team collaboration to simplify hiring processes.",false,false,2026-08-18
Appsmith,https://www.appsmith.com/,Coding and development,,Freemium,Web,Open-source low-code platform that enables developers and businesses to build custom internal applications quickly using drag-and-drop UI components and integrations with databases and APIs.,true,false,2026-08-18
AppSumo,https://appsumo.com/,Coding and development,Marketing and advertising,Free,Web,"Online marketplace offering curated lifetime and discounted deals on SaaS software, helping entrepreneurs and small businesses save money on essential digital tools.",false,false,2026-08-18
Apptentive,https://apptentive.com/,Customer support,Data and analytics,Paid; Free Trial,Web; iOS; Android,"Mobile customer feedback platform that enables app developers to collect real-time user feedback through in-app surveys, ratings, and messaging to improve engagement and product decisions.",false,false,2026-08-18
Apptrop,https://apptrop.com/,Data and analytics,Marketing and advertising,Freemium,Web,"Web-based app store optimization tool that enables mobile app developers and marketers to track keywords, analyze competitors, and optimize app metadata to improve app store rankings and downloads.",false,false,2026-08-18
AppTweak,https://www.apptweak.com/en,SEO and search,Research and knowledge,Freemium,Web,"App store optimization platform that helps mobile marketers improve app visibility and downloads through keyword research, competitor analysis, and performance tracking on Apple and Google app stores.",false,false,2026-08-18
Appwrite,https://appwrite.io/,Coding and development,Writing and content,Free,Web; API,"Open-source backend-as-a-service platform that provides developers with APIs and SDKs to manage authentication, databases, storage, and serverless functions, enabling faster app development without managing backend infrastructure.",true,true,2026-08-18
Aqua Security,https://www.aquasec.com/,Coding and development,Chatbots and assistants,Paid; Free Trial,Web; API,"Cloud native security platform that protects containerized applications and Kubernetes environments by providing vulnerability scanning, runtime threat detection, and compliance management integrated into DevOps workflows.",false,true,2026-08-18
AquaAdvisor-AI water tracker,https://www.fitboxlab.io/,Health and lifestyle,Research and knowledge,Freemium,Web,Hydration monitoring tool that uses AI to provide personalized water intake recommendations and track hydration for improved health.,false,false,2026-08-18
Aquatic Informatics,https://aquaticinformatics.com/,Data and analytics,Chatbots and assistants,Paid,Web,"Software platform designed to manage, analyze, and report water and environmental data, helping organizations ensure data quality and regulatory compliance.",false,false,2026-08-18
Aravo,https://aravo.com/,Sales and CRM,,Paid,Web; API,"Cloud-based platform that automates third-party risk and compliance management, helping enterprises assess and mitigate supplier and vendor risks efficiently.",false,true,2026-08-18
Arcade,https://www.arcade.dev/,Coding and development,,Freemium,Web,"No-code platform that allows users to visually build, deploy, and host web applications without writing code, featuring drag-and-drop design, API integrations, and cloud hosting.",false,false,2026-08-18
ArcGIS,https://www.esri.com/en-us/home,Data and analytics,Coding and development,Freemium,Web,"Cloud-based GIS platform by Esri that enables users to create, analyze, and share interactive maps and spatial data for location intelligence and decision-making.",false,false,2026-08-18
ArchitectAI,https://architectai.app/,Coding and development,Chatbots and assistants,Paid; Free Trial,Web,"Web-based AI tool that helps software architects design, visualize, and document software system architectures with automated diagram generation and collaboration features.",false,false,2026-08-18
ArchitectGPT,https://architectgpt.io/,Productivity and workflow,Chatbots and assistants,Freemium,Web,"Tool that automates architectural design by generating concepts, drafts, and presentations based on user inputs, streamlining the design process for architects and planners.",false,false,2026-08-18
Ardor Ã¢â‚¬â€ Prompt in. Product out.,https://ardor.cloud/,Developer infrastructure and models,Productivity and workflow,Freemium,Web,"Writing assistant that converts user prompts into complete written content, helping users create marketing copy, creative writing, and other text efficiently.",false,false,2026-08-18
ArguAI,https://arguai.co/,Business and finance,Research and knowledge,Freemium,Web,"Tool that generates structured arguments and counterarguments to assist with debates, writing, and critical thinking.",false,false,2026-08-18
Aria,https://ariapp.me/,Productivity and workflow,Writing and content,Freemium,Web; Browser Extension,Writing assistant that helps users generate and improve written content efficiently through AI-generated suggestions and templates.,false,false,2026-08-18
Arkose Labs,https://www.arkoselabs.com/,Customer support,,Paid,Web; API,Cybersecurity platform that prevents fraud and automated bot attacks by using adaptive challenge-response tests and real-time risk scoring to secure online accounts and transactions.,false,true,2026-08-18
Arnold,https://www.networkwitharnold.com/,Sales and CRM,Presentations and documents,Paid; Free Trial,Web,Networking assistant that generates personalized outreach messages to help professionals build and maintain business relationships effectively.,false,false,2026-08-18
ArtBinder,https://artbinder.com/,Marketing and advertising,,Paid,Web; iOS; Android,"Art management software that helps galleries and artists organize inventory, manage client relationships, and present artwork digitally via web and mobile apps.",false,false,2026-08-18
Arterys,https://arterys.com/,Health and lifestyle,Coding and development,Paid,Web; API,"Cloud-based AI medical imaging platform that provides FDA-cleared tools for automated analysis of MRI, CT, and ultrasound images to assist radiologists in diagnosis and treatment planning.",false,true,2026-08-18
Article Fiesta,https://articlefiesta.com/?af=bunkmate-inferior,SEO and search,Writing and content,Paid; Free Trial,Web,Writing assistant that generates SEO-optimized articles and marketing content to help users create high-quality text efficiently.,false,false,2026-08-18
Article Idea Generator,https://www.articleideagenerator.com/,SEO and search,Marketing and advertising,Free,Web,"Free web tool that helps users generate multiple article or blog post ideas based on a keyword input, ideal for content creators and marketers seeking inspiration.",false,false,2026-08-18
Artificial assistance,https://getbot.ai/,Customer support,Automation and agents,Freemium,Web; API,No-code AI chatbot platform by GetBot AI that automates customer support and lead generation through conversational AI deployed on websites and APIs.,false,true,2026-08-18
ArtiScribe AI,https://artiscribeai.com/,SEO and search,Writing and content,Paid; Free Trial,Web,"AI-driven writing assistant that helps users generate, edit, and optimize English content with features like grammar correction and SEO suggestions.",false,false,2026-08-18
artivatic.ai,https://artivatic.ai/,Health and lifestyle,Research and knowledge,Paid,Web; API,Platform specializing in automating insurance and healthcare processes like underwriting and fraud detection through machine learning.,false,true,2026-08-18
Artlogic,https://artlogic.net/,Marketing and advertising,,Paid,Web,"Cloud-based platform that helps artists, galleries, and dealers manage art inventory, sales, and create professional websites with e-commerce capabilities.",false,false,2026-08-18
Artwork Archive,https://www.artworkarchive.com/,Marketing and advertising,,Paid; Free Trial,Web; iOS; Android,"Art inventory and management software designed for artists, collectors, and galleries to organize artwork, track sales, and manage exhibitions efficiently.",false,false,2026-08-18
Arvin - AI Assistant,https://arvin.chat/,Customer support,Automation and agents,Freemium,Web,"Web-based chatbot platform that automates customer interactions using natural language processing, helping businesses improve support and lead generation.",false,false,2026-08-18
Ascn.ai,https://ascn.ai/,SEO and search,Automation and agents,Freemium,Web,AI-driven content generation platform that helps marketers and SEO professionals create optimized written content quickly using customizable templates and SEO keyword integration.,false,false,2026-08-18
Ask AI - AI Powered Chat Bot Assistant,https://askaichat.app/,Customer support,Productivity and workflow,Freemium,Web,"Web-based AI chatbot assistant that provides instant, natural language responses to user queries for various applications including customer support and content creation.",false,false,2026-08-18
Ask Elle,https://www.askelle.me/,Customer support,Health and lifestyle,Freemium,Web,"Web-based AI chatbot designed for personalized, natural language conversations, customer support, and virtual assistance.",false,false,2026-08-18
Ask Maya,https://www.askmaya.app/,Customer support,Sales and CRM,Freemium,Web; API,Chatbot platform that automates customer support and lead generation by engaging website visitors with conversational AI.,false,true,2026-08-18
Ask On Data,https://askondata.com/,Data and analytics,,Paid; Free Trial,Web,Platform that enables users to ask questions about their data in natural language and receive instant visual insights without needing technical skills.,false,false,2026-08-18
AskCodi,https://www.askcodi.com/,Productivity and workflow,Coding and development,Freemium,Web,"Coding assistant that helps developers write, debug, and understand code by converting natural language queries into code snippets and explanations.",false,false,2026-08-18
AskCory.ai,https://www.askcory.ai/,Customer support,Automation and agents,Paid; Free Trial,Web; API,Chatbot platform that helps businesses automate customer support and engagement through personalized conversational workflows and real-time analytics.,false,true,2026-08-18
AskCSV,https://askcsv.com/,Data and analytics,Coding and development,Freemium,Web,AI-driven web tool that allows users to upload CSV files and ask natural language questions to analyze and visualize data without coding.,false,false,2026-08-18
Askflow AI,https://www.askflow.ai/,Customer support,Sales and CRM,Paid; Free Trial,Web; API,No-code conversational AI platform that enables businesses to build and deploy chatbots for automating customer support and sales interactions across multiple channels.,false,true,2026-08-18
AskGiraffe,https://www.askgiraffe.com/,Customer support,Chatbots and assistants,Freemium,Web,"Chatbot that delivers instant answers and conversational support through a web-based interface, suitable for customer service, education, and general inquiries.",false,false,2026-08-18
AskingTips,https://askingtips.com/,Productivity and workflow,Marketing and advertising,Freemium,Web,"Writing assistant that improves your writing by offering real-time suggestions for grammar, tone, and clarity to help you communicate more effectively.",false,false,2026-08-18
AskJesus,https://www.askjesus.me/,Chatbots and assistants,,Free,Web,"Free AI chatbot that answers questions about the Bible and Christian faith, offering scripture-based spiritual guidance through a conversational web interface.",false,false,2026-08-18
AskSpot.ai,https://askspot.ai/,Customer support,Automation and agents,Freemium,Web; API,Chatbot platform that helps businesses automate customer support and user engagement by creating intelligent chatbots integrated with knowledge bases and deployed on websites or apps.,false,true,2026-08-18
AskVideo.ai,https://www.askvideo.ai/,Customer support,Education and learning,Freemium,Web; API,"AI-driven platform that enables users to ask questions within videos and receive instant, context-aware answers, enhancing engagement in learning and support scenarios.",false,true,2026-08-18
AskYourPdf,https://askyourpdf.com/,Presentations and documents,Chatbots and assistants,Freemium,Web,AI-driven web tool that allows users to upload PDF documents and ask natural language questions to extract information quickly and accurately from the document content.,false,false,2026-08-18
Asqme AI,https://asqme.ai/,Customer support,Automation and agents,Freemium,Web,Conversational AI platform that helps businesses automate customer interactions and lead generation through customizable chatbots deployed on websites.,false,false,2026-08-18
assess.com,https://assess.com/,Business and finance,Research and knowledge,Paid,Web,"Online platform providing customizable employee assessments including cognitive, personality, and skills tests to improve hiring decisions and employee development.",false,false,2026-08-18
ASSIST Biz,https://www.assist.biz/,Customer support,Automation and agents,Paid; Free Trial,Web; API,"Virtual assistant designed to automate customer support, streamline workflows, and enhance business operations through conversational AI.",false,true,2026-08-18
AsthmaMD,https://asthmamd.com/,Health and lifestyle,,Freemium,Web; iOS; Android,"Mobile and web app designed to help individuals with asthma track symptoms, manage medications, and create personalized asthma action plans to improve respiratory health.",false,false,2026-08-18
Astra Health AI,https://astrahealth.ai/,Health and lifestyle,Research and knowledge,Paid,Web; API,Platform that analyzes medical images to assist healthcare professionals in diagnosing diseases more accurately and efficiently.,false,true,2026-08-18
Astro Gold,https://www.astrogold.io/,Health and lifestyle,,Paid,macOS; iOS,"Professional astrology app for iOS and macOS that provides accurate natal charts, transit and progression analysis, and detailed astrological reports.",false,false,2026-08-18
AstroStock AI,https://astrostock.ai/,Business and finance,Data and analytics,Freemium,Web,Web-based platform that uses AI to analyze stock market data and provide predictive insights to help investors make informed decisions.,false,false,2026-08-18
Ataccama,https://www.ataccama.com/,Data and analytics,Chatbots and assistants,Paid,Web,"AI-driven data management platform that integrates data governance, master data management, and data quality automation to help enterprises manage and improve their data assets efficiently.",false,false,2026-08-18
Athena Global,https://athena.global/,Sales and CRM,Research and knowledge,Paid,Web,"Web-based platform providing international trade data, market intelligence, compliance tracking, and risk analysis to help businesses make informed global trade decisions.",false,false,2026-08-18
Athina AI,https://www.athina.ai/,Data and analytics,,Freemium,Web,"Web-based platform that uses artificial intelligence to analyze business data, generate predictive insights, and provide customizable dashboards for better decision-making.",false,false,2026-08-18
Atlancer.ai,https://atlancer.ai/,Business and finance,,Freemium,Web,"AI-driven freelance platform that matches businesses with expert freelancers globally, streamlining hiring and project management.",false,false,2026-08-18
Atomic Inputs,https://atomicinputs.com/,Sales and CRM,Automation and agents,Freemium,Web,"Writing assistant that helps users generate, edit, and improve written content efficiently through AI-driven suggestions and customizable tones.",false,false,2026-08-18
Atozai,https://atozai.in/,Customer support,Automation and agents,Freemium,Web; API,"No-code chatbot platform designed to automate customer interactions across multiple channels, improving support and engagement.",false,true,2026-08-18
Attentionkart,https://attentionkart.com/,Sales and CRM,Automation and agents,Freemium,Web,"Marketing automation platform that streamlines lead generation, sales automation, and email marketing with CRM integration and analytics.",false,false,2026-08-18
ATZ CRM,https://atzcrm.com/,Customer support,Sales and CRM,Paid; Free Trial,Web,"Cloud-based customer relationship management platform designed for small and medium businesses to manage sales, marketing automation, and customer support efficiently.",false,false,2026-08-18
Audeus: Text to Speech Reader,https://www.audeus.com/,Productivity and workflow,"Audio, music, and voice",Freemium,Web,"Web-based text to speech reader that converts written text into natural, human-like audio in multiple languages, designed for accessibility and content consumption.",false,false,2026-08-18
AudioBriefs,https://audiobriefs.app/,Productivity and workflow,"Audio, music, and voice",Freemium,Web; iOS; Android,"App that lets users quickly record, edit, and share short audio summaries or briefs across multiple platforms.",false,false,2026-08-18
Audiomack,https://audiomack.com/,Marketing and advertising,"Audio, music, and voice",Freemium,Web; iOS; Android,Free music streaming platform that allows artists to upload music and fans to stream and download songs with options for offline listening via premium subscription.,false,false,2026-08-18
Aurum KuberX,https://aurumkuberx.com/,Business and finance,,Paid,Web,"Indian digital investment platform offering portfolio management, personalized advisory, and mutual fund investments through web and mobile apps.",false,false,2026-08-18
Authy,https://www.authy.com/,Customer support,,Freemium,Web; iOS; Android,Two-factor authentication app that provides an extra security layer by generating time-based codes and push notifications to verify user identities across multiple devices.,false,false,2026-08-18
Autismify,https://autismify.com/,Customer support,Health and lifestyle,Freemium,Web,AI-based speech therapy platform designed to help children with autism improve communication through personalized exercises and progress tracking.,false,false,2026-08-18
Auto Mailer,https://automailer.ai/,Sales and CRM,Automation and agents,Paid; Free Trial,Web; API,"AI-driven email automation tool designed to help marketing and sales teams automate personalized email campaigns, follow-ups, and analytics to improve engagement and conversions.",false,true,2026-08-18
Auto Market Scanner,https://automarketscanner.com/,Business and finance,Automation and agents,Paid; Free Trial,Web,Web platform that automates stock market scanning using customizable technical filters to help traders identify potential trades quickly.,false,false,2026-08-18
AutoAgentX,https://www.autoagentx.com/,Sales and CRM,Business and finance,Paid; Free Trial,Web,"AI-driven assistant designed for real estate professionals to automate lead engagement, tenant communication, and property management tasks, improving efficiency and conversion rates.",false,false,2026-08-18
AutoApply,https://www.autoapply.us/,Business and finance,Presentations and documents,Paid; Free Trial,Web,"Web-based tool that automates job applications by filling out forms and submitting resumes across multiple job boards, helping job seekers save time and stay organized.",false,false,2026-08-18
AutoBiz,https://autobiz.ai/,Sales and CRM,Automation and agents,Paid; Free Trial,Web; API,"AI-driven business automation tool that helps companies automate workflows, integrate multiple apps, and improve productivity through intelligent task management and analytics.",false,true,2026-08-18
Autodoc,https://autodocai.com/,Business and finance,Productivity and workflow,Freemium,Web; API,"Tool that automatically generates and maintains software documentation from source code, helping developers save time and improve clarity.",false,true,2026-08-18
AutoDraft,https://autodraft.in/,Productivity and workflow,Image generation and editing,Freemium,Web,"Writing assistant that helps users quickly generate and improve written content through drafting, rewriting, and editing features.",false,false,2026-08-18
Automaticall,https://automaticall.io/,Sales and CRM,Automation and agents,Freemium,Web; Browser Extension,Meeting assistant that automatically transcribes and summarizes video conference calls to save time and improve team productivity.,false,false,2026-08-18
AutoMemes.ai,https://www.automemes.ai/,Marketing and advertising,Writing and content,Freemium,Web,"AI-driven platform that automates meme creation by generating captions and images based on user input, ideal for social media marketing and content creation.",false,false,2026-08-18
Automi AI,https://automi.ai/,Sales and CRM,Automation and agents,Paid; Free Trial,Web,"AI-driven marketing automation platform that helps businesses automate lead generation, email outreach, and sales workflows with CRM integration.",false,false,2026-08-18
AutoPPT,https://autoppt.com/,Presentations and documents,Automation and agents,Freemium,Web,"Tool that automates the creation of professional presentations by generating slides from text inputs, allowing users to customize and export decks quickly.",false,false,2026-08-18
Autoscreen,https://autoscreen.io/,Business and finance,Automation and agents,Paid,Web,"AI-driven video interview platform that automates candidate screening through asynchronous interviews and AI analysis to help recruiters make faster, unbiased hiring decisions.",false,false,2026-08-18
Ava PLS,https://avapls.com/,Business and finance,Presentations and documents,Paid,Web,AI-driven platform that automates legal document review by extracting key contract clauses and identifying risks to accelerate legal workflows.,false,false,2026-08-18
Avalara,https://www.avalara.com/us/en/index.html,Business and finance,Automation and agents,Paid,Web; API,"Cloud-based tax compliance software that automates sales tax calculation, exemption certificate management, and tax filing to help businesses stay compliant across multiple jurisdictions.",false,true,2026-08-18
Avanty,https://avanty.app/,Productivity and workflow,Data and analytics,Freemium,Web; Browser Extension,"Writing assistant that helps users generate, edit, and optimize English content efficiently through a web platform and Chrome extension.",false,false,2026-08-18
Avatoon,https://avatoon.me/,Marketing and advertising,Image generation and editing,Freemium,Web; iOS; Android,"Avatar generator that creates personalized cartoon avatars from photos or manual customization, available on web and mobile platforms.",false,false,2026-08-18
awesome claude prompts,https://awesomeclaudeprompts.com/,Developer infrastructure and models,Productivity and workflow,Free,Web,Free online resource offering curated prompt templates to improve and inspire conversations with Claude AI.,false,false,2026-08-18
Awesome Prompts,https://awesomeprompts.cc/,Productivity and workflow,Writing and content,Free,Web,Free web-based library offering a wide range of categorized AI prompts to help users generate creative content and improve productivity with AI chatbots.,false,false,2026-08-18
Axonify,https://axonify.com/,Customer support,,Paid,Web,"Employee training platform that delivers personalized microlearning and gamified experiences to improve workforce knowledge, engagement, and compliance.",false,false,2026-08-18
Ayoa,https://www.ayoa.com/,Productivity and workflow,Marketing and advertising,Freemium,Web; iOS; Android,"Collaborative software combining mind mapping, task management, and AI-powered brainstorming to help teams organize ideas and manage projects efficiently.",false,false,2026-08-18
AZLyrics,https://b.azlyrics.com/?u=/,Marketing and advertising,"Audio, music, and voice",Free,Web,Free online platform providing a large searchable database of song lyrics organized by artist and album.,false,false,2026-08-18
Azna AI,https://aznaai.com/,Productivity and workflow,Data and analytics,Freemium,Web,"Writing assistant that helps users generate various types of written content such as articles, marketing copy, and creative writing through an easy-to-use web platform with multiple templates and editing tools.",false,false,2026-08-18
Backlsh - Time Tracking,https://backlsh.com/,Productivity and workflow,,Freemium,Web; Browser Extension,"Time tracking software that helps freelancers and teams track work hours, manage projects, and generate reports for billing and productivity.",false,false,2026-08-18
Backmesh,https://backmesh.com/,Developer infrastructure and models,Automation and agents,Paid,Web,"Platform that helps enterprises integrate multiple data sources, automate workflows, and deploy AI models to improve operational efficiency.",false,false,2026-08-18
Backtrack 2.0,https://usebacktrack.com/,Productivity and workflow,"Audio, music, and voice",Paid; Free Trial,Web,AI-driven platform that transcribes and analyzes interviews by converting audio into searchable text with speaker identification and keyword tagging.,false,false,2026-08-18
Ballotpedia,https://ballotpedia.org/,Business and finance,Marketing and advertising,Free,Web,"Free, nonpartisan digital encyclopedia providing detailed information on American elections, candidates, and government officials to help voters make informed decisions.",false,false,2026-08-18
Bamble AI CV Creator,https://bamble.io/,Presentations and documents,,Freemium,Web,Online platform that uses artificial intelligence to help users build professional resumes quickly by providing tailored templates and content optimization.,false,false,2026-08-18
BambooHR,https://www.bamboohr.com/,Business and finance,Productivity and workflow,Paid; Free Trial,Web,"Cloud-based human resources software designed to help small and medium businesses manage employee data, recruitment, performance, and time-off tracking efficiently.",false,false,2026-08-18
Bandzoogle,https://bandzoogle.com/,Marketing and advertising,"Audio, music, and voice",Paid; Free Trial,Web,"Website builder designed specifically for musicians to create professional sites with integrated ecommerce for selling music, merchandise, and tickets, plus marketing tools to engage fans.",false,false,2026-08-18
Bank Statement Convert,https://bankstatementconvert.com/,Business and finance,Presentations and documents,Freemium,Web,"Online tool that converts bank statements from PDFs or images into editable Excel spreadsheets or standardized PDFs, helping users manage financial data efficiently.",false,false,2026-08-18
Bank Statement Converter,https://bankstatementconverter.org/,Business and finance,Presentations and documents,Freemium,Web,"Online tool that converts PDF bank statements into Excel and CSV formats, enabling easy data extraction and financial management.",false,false,2026-08-18
BannsAi,https://banns.ai/,Productivity and workflow,Marketing and advertising,Freemium,Web,"AI-driven writing assistant that generates high-quality content such as blog posts, marketing copy, and SEO-optimized articles through an easy-to-use web platform.",false,false,2026-08-18
Bard PDF,https://aibardpdf.com/,Presentations and documents,Writing and content,Freemium,Web,AI-driven web tool that summarizes PDFs and allows interactive Q&A to help users efficiently extract information from documents.,false,false,2026-08-18
Based,https://based.so/,Productivity and workflow,Coding and development,Freemium,Web,Writing assistant that helps users generate creative and professional content efficiently by providing AI-driven text completion and idea generation.,false,false,2026-08-18
Battlefy,https://battlefy.com/,Marketing and advertising,,Freemium,Web,"Esports tournament platform that enables organizers to create and manage competitive gaming events with automated brackets, player registration, and real-time score updates.",false,false,2026-08-18
Be.Live,https://be.live/,Marketing and advertising,Video,Freemium,Web,"Web-based platform that enables users to create interactive live streams with multiple guests, screen sharing, and direct social media integration for Facebook and YouTube.",false,false,2026-08-18
Beacon,https://beacon.com/,Marketing and advertising,Writing and content,Freemium,Web,Content generation platform that helps marketers create professional lead magnets and marketing materials quickly using customizable templates and AI assistance.,false,false,2026-08-18
Beam,https://www.getbeam.ai/,Productivity and workflow,"Audio, music, and voice",Freemium,Web; Browser Extension,"Writing assistant that integrates with your browser to provide real-time writing suggestions, grammar corrections, and creative prompts to help you write faster and better.",false,false,2026-08-18
Beautiful.ai,https://www.beautiful.ai/,Presentations and documents,Productivity and workflow,Freemium,Web,"Presentation software that automates slide design using smart templates and data visualization tools, enabling users to create professional presentations quickly without design skills.",false,false,2026-08-18
Beckett Grading Services,https://beckett.com/,Marketing and advertising,,Paid,Web,"Professional company that authenticates and grades sports trading cards to determine their condition and value, providing encapsulation and online verification for collectors.",false,false,2026-08-18
Beehiiv,https://www.beehiiv.com/,Marketing and advertising,Writing and content,Freemium,Web,"Newsletter platform that helps creators build, grow, and monetize their email audiences with features like referral programs, paid subscriptions, and analytics.",false,false,2026-08-18
Benki,https://www.ben-ki.com/,Productivity and workflow,Data and analytics,Freemium,Web,"Writing assistant that improves your writing by providing real-time grammar corrections, style suggestions, and content generation tools.",false,false,2026-08-18
Berrycast Transcripts (Powered by AI),https://www.berrycast.com/,Productivity and workflow,Video,Freemium,Web; macOS,"AI-driven tool that automatically transcribes meetings and video messages, enabling teams to capture accurate notes and share recordings with synchronized transcripts for improved communication.",false,false,2026-08-18
Bertha AI,https://bertha.ai/,Marketing and advertising,Writing and content,Freemium,Web,"Content generation tool that integrates with WordPress to help users create SEO-optimized blog posts, marketing copy, and product descriptions efficiently.",false,false,2026-08-18
Bewerbung2Go,https://www.bewerbung2go.de/,Presentations and documents,Writing and content,Freemium,Web,AI-driven platform that helps German-speaking users generate customized cover letters and optimize job applications efficiently.,false,false,2026-08-18
Bluebeam Revu,https://www.bluebeam.com/,Presentations and documents,Coding and development,Paid,Web; Windows; iOS,"PDF-based collaboration and markup software tailored for the architecture, engineering, and construction industries, enabling efficient document management and real-time team collaboration.",false,false,2026-08-18
BuildPrompt,https://buildprompt.ai/,Developer infrastructure and models,Automation and agents,Paid; Free Trial,Web,"Web platform that enables users to design, automate, and optimize AI prompts through a visual interface and workflow automation, integrating with AI APIs like OpenAI.",false,false,2026-08-18
Chat Prompt Genius,https://chatpromptgenius.com/,Developer infrastructure and models,Productivity and workflow,Freemium,Web,"Web platform that provides curated prompt templates and customization tools to help users craft effective prompts for ChatGPT and other AI chatbots, improving response quality and saving time.",false,false,2026-08-18
Chat With Anime,https://chat-with-anime.com/,Chatbots and assistants,,Free,Web,Free web-based AI chatbot platform that lets users interact with virtual anime characters through realistic conversations and roleplay.,false,false,2026-08-18
Chatbot Arena,https://chatbotarena.com/,Chatbots and assistants,,Free,Web,"Free web platform that lets users compare multiple AI chatbots side-by-side by interacting with them simultaneously and rating their responses, helping developers and enthusiasts evaluate chatbot performance.",true,false,2026-08-18
chatglm.cn,https://chatglm.cn/,Chatbots and assistants,,Free,Web; API,"Open-source AI chatbot platform developed by Tsinghua University's KEG Lab, featuring a bilingual Chinese-English large language model for conversational AI accessible via web and API.",true,true,2026-08-18
ChatGPT FranÃƒÂ§ais (French),https://chatgptfrench.org/,Chatbots and assistants,,Free,Web,"Free web-based AI chatbot designed specifically for French language users to practice conversations, generate content, and support French communication needs.",false,false,2026-08-18
ChatWizard: 1-Click ChatGPT Prompts,https://chatwizard.online/,Developer infrastructure and models,Productivity and workflow,Freemium,Web,"Web tool that provides one-click prompt templates to quickly generate effective ChatGPT prompts, enhancing AI content creation and productivity.",false,false,2026-08-18
Coachchat,https://coachchat.me/,Chatbots and assistants,,Freemium,Web,"AI-driven coaching platform that provides personalized life and career guidance through interactive chat conversations, helping users set goals, stay motivated, and develop professionally.",false,false,2026-08-18
Deep Dream Generator,https://deepdreamgenerator.com/,Developer infrastructure and models,Image generation and editing,Freemium,Web,Online AI tool that uses neural networks to create surreal and artistic images from user photos by applying various AI styles and effects.,false,false,2026-08-18
Dreammate,https://dreammate.ai/,Chatbots and assistants,,Freemium,Web; iOS; Android,"Virtual companion that provides personalized, empathetic chat experiences to support emotional well-being and reduce loneliness.",false,false,2026-08-18
Dumpling AI,https://www.dumplingai.com/,Developer infrastructure and models,Productivity and workflow,Freemium,Web,"Writing assistant that helps users generate, rewrite, and enhance written content efficiently, primarily supporting English language content creation.",false,false,2026-08-18
FileGPT,https://filegpt.app/,Chatbots and assistants,,Freemium,Web,"Web-based AI assistant that allows users to upload documents and interact with their content via chat, enabling quick understanding, summarization, and data extraction from files.",false,false,2026-08-18
FileZen,https://filezen.top/,Chatbots and assistants,,Freemium,Web,Secure file sharing and cloud storage platform that provides end-to-end encryption for safe file transfer and storage across multiple devices.,false,false,2026-08-18
FineCodeX,https://finecodex.com/,Developer infrastructure and models,Coding and development,Freemium,Web,"Coding assistant that helps developers write, debug, and optimize code with intelligent suggestions and automated code generation.",false,false,2026-08-18
Gemini & Gemini Advanced,https://gemini.google.com/,Developer infrastructure and models,Productivity and workflow,Freemium,Web; API,"Gemini and Gemini Advanced are GoogleÃ¢â‚¬â„¢s advanced AI language models designed for conversational AI, content generation, and coding assistance, supporting multiple languages and accessible via web and API.",false,true,2026-08-18
hkgpt.io,https://hkgpt.io/,Chatbots and assistants,,Freemium,Web,"Hong Kong-based AI chatbot platform powered by GPT technology that supports multilingual conversations in English and Chinese, designed for customer support, language learning, and general AI chat interactions.",false,false,2026-08-18
hostyAi,https://hostyai.com/,Developer infrastructure and models,Automation and agents,Freemium,Web,"Platform that automates web hosting management tasks including server provisioning, optimization, security updates, and multi-cloud hosting management.",false,false,2026-08-18
Interview Prep Now,https://interviewprepnow.com/,Chatbots and assistants,,Paid,Web,"Online subscription-based platform offering extensive interview practice questions, answer frameworks, and coaching strategies tailored to various industries to help job seekers prepare effectively for interviews.",false,false,2026-08-18
InterviewPal,https://www.interviewpal.com/,Chatbots and assistants,,Freemium,Web,AI-driven platform that helps job seekers practice interviews by providing tailored questions and detailed feedback to improve their performance.,false,false,2026-08-18
